departamento,municipio,nuestro_tiempo,fmln,n,pdc,vamos,pcn,gana,cd,leonardo_bonilla,impugnados,nulos,arena,coalicion_pcn,jesus_segovia,densidad,percent_urbano,masculinidad,relacion_dependencia,x60_anos_y_mas,tgf,tmi,tasa_analfabetismo,asistencia_escolar,agua_potable,electricidad,sin_servicio_sanitario,con_piso_de_tierra
san salvador,san salvador,13346,9392,95813,3280,5762,2050,5406,1221,696,188,3709,33964,0,0,4374.948096885813,100,83.9090491234807,52.36630771158908,13.022556866715176,1.8,19,5.5043464244614295,90.97801861644015,98.73832954832199,98.6844218108412,0.4576422820177552,2.7009869563061053
san salvador,ciudad delgado,1038,2394,33873,325,676,475,2650,251,117,28,978,4015,0,0,3596.648713345302,93.31198003327788,88.09758540287623,59.47566735657804,9.45424292845258,1.9,22,8.416881111682963,88.1,92.20952566982453,96.1942898069473,0.196577243293247,3.337257511388647
san salvador,mejicanos,3481,5560,43847,659,1841,698,2738,450,270,41,1641,7097,0,0,6363.065099457504,100,84.61084441646337,53.12170233134974,10.4830516301838,1.9,20,6.170123161812103,91.31919155134742,97.31613170643247,98.24356881946063,0.2486982202533613,3.469194312796209
san salvador,soyapango,2445,4343,77603,760,1892,1075,3757,725,241,225,2160,8038,0,0,8122.577388963661,100,85.453525801074,53.02302289611806,8.525163316114547,1.9,19,5.699788540728674,90.95898538900839,97.77007707608155,98.52840626553953,0.4102436598707111,2.0706772897439767
san salvador,cuscatancingo,529,1419,24397,191,657,343,1178,132,54,17,680,2240,0,0,12296.296296296296,100,86.42259531697457,59.09145362627884,7.54367469879518,2,18,7.10344306285196,89.8,94.07377428307123,98.01688251618872,0.5111176221636228,8.36550078085865
san salvador,san marcos,794,2267,21780,268,722,298,942,339,93,26,687,2391,0,0,4297.008837525493,100,88.1668254346273,57.57734400319099,9.76601433340189,2.1,25,7.501700515013118,87.97789037309995,89.97385037311054,97.46795076216596,0.39543338223100966,6.975032206613091
san salvador,ilopango,821,1223,28485,325,680,277,1872,186,69,69,753,3360,0,0,2999.1914524978342,100,85.01852643579878,57.27849538894863,7.743929444840268,1.9,21,6.8291980611412395,89.72481966337162,95.13841267549716,97.85613743819252,0.46558631392788824,5.045958196927726
san salvador,nejapa,168,1230,10109,94,183,643,357,85,20,3,308,704,0,0,353.38291746641073,56.11378912349786,94.21149789029536,65.02156741919221,7.912960825582186,2.6,29,16.647112501629515,84.78183753103937,52.0698051948052,89.27218614718615,6.452922077922079,22.570347599905418
san salvador,apopa,853,2059,43195,367,595,450,1889,223,86,30,1037,3580,0,0,2532.523148148148,100,87.24648429700203,58.726666021858975,6.931432140517649,2,20,9.338301500028736,88.08824728814942,90.46620046620046,94.83682983682984,0.372960372960373,5.1496208239393315
san salvador,san martin,441,1319,27004,278,466,253,1719,131,50,27,694,3689,0,0,1302.9727793696275,90.71717199483219,87.96631187351453,63.35428828019758,7.5510596772863465,2.1,23,9.90014165544499,88.64409181071125,78.79667141136538,94.59104346873973,0.45439614584473886,9.199059344307651
san salvador,panchimalco,323,2945,12165,113,212,375,508,64,32,17,403,2246,0,0,458.59731021451597,39.17595734367426,93.68164108341549,79.34451882117708,6.861366941347552,3.1,24,19.090761487254422,82.08328849671796,58.78617657833679,85.68811820735132,7.20478690926853,38.72708872146632
san salvador,aguilares,213,532,6458,287,73,292,584,27,15,11,197,856,0,0,630.693950177936,89.97037663986458,86.17701129300535,72.14667314230209,9.21145436591903,2.3,25,17.04730340463995,86.10177090338489,74.90226739640345,94.91790461297889,3.440187646598905,8.603839441535776
san salvador,tonacatepeque,374,1146,24044,171,342,297,1408,777,35,14,621,1948,0,0,1345.6106587712807,85.98618201020946,88.90228189035288,63.576158940397356,5.358871677521563,2.5,21,8.32517140058766,89.49824298634714,84.37792710242313,94.75463245774792,1.0384850335980453,6.557483379276796
san salvador,santo tomas,257,651,10006,153,179,121,554,115,21,5,253,2049,0,0,1042.1052631578948,73.98989898989899,92.10187220495717,63.267409650196484,8.554292929292929,2.2,21,9.73784627583131,91.8284789644013,59.47790479440368,91.91264289370415,0.8701586759938577,17.801047120418847
san salvador,santiago texacuangos,97,365,6779,48,64,74,361,49,15,2,148,1170,0,0,636.5661861074706,63.73275684578958,92.79547484370349,62.69994137844401,9.604694255713403,2.4,24,10.932393463633451,88.13972380178716,71.88900747065101,92.97758804695839,0.49092849519743864,16.8141592920354
san salvador,el paisnal,40,1017,4102,54,22,80,329,15,4,0,132,312,0,0,115.95346242728505,46.20301010239846,94.87076469800455,76.41852570320079,8.398048244106935,3.2,30,20.182338219520915,86.49556981362664,68.51582921870461,88.06273598605867,8.07435376125472,18.83419689119171
san salvador,guazapa,99,471,7493,143,103,579,389,70,25,0,201,643,0,0,359.87431264728986,62.11036409674321,94.2832909245123,70.20359637390399,8.373351960185104,2.8,27,17.69688131029841,85.92406125445773,90.29341206864736,86.7318693485883,4.650304484222182,17.03014753046825
san salvador,ayutuxtepeque,609,941,9790,149,326,148,610,93,44,12,313,1796,0,0,4127.229488703923,100,96.83565838720654,51.37374618403838,8.406799193316047,1.9,19,5.89127062473558,91.15173674588665,94.82431678750697,96.74288901282766,0.36809815950920244,6.734397677793905
san salvador,rosario de mora,37,926,3458,27,44,109,223,52,6,2,138,653,0,0,290.00764720876884,44.4141689373297,95.11233064654434,80.5586414854785,6.715302803902611,3.6,29,17.42826780021254,87.66333589546502,73.24243715381338,84.83170004260758,5.198125266297401,41.73752310536044
cuscatlan,cojutepeque,0,1028,17362,142,692,2040,153,0,0,18,257,1676,0,0,1600.859051861279,81.62973268409023,88.13565659587196,66.19322873658133,9.993043823909371,2.5,19,10.032094679303945,88.46314907872697,78.77200515242593,91.2065264061829,2.2241305281236583,15.95020875212618
cuscatlan,suchitoto,0,4319,6728,18,43,322,54,0,0,3,126,296,0,0,75.26418073606219,30.880335673363994,97.1994589863951,79.56965876983264,9.271362866134108,3.1,27,19.60529732537003,87.65646731571627,78.1195079086116,83.37434094903338,8.52372583479789,24.32156405018967
cuscatlan,san pedro perulapan,0,1315,15255,50,205,2914,100,0,0,26,271,2382,0,0,494.36339522546416,33.50771294433266,93.04302792283458,73.72223085288178,8.171249720545495,2.7,26,16.978206815854907,83.84288747346072,79.80925324675324,81.0166396103896,2.932224025974026,31.227662616154394
cuscatlan,san jose guayabal,0,207,3584,16,30,290,20,0,0,11,54,634,0,0,217.59475900795508,30.870967741935484,99.0582191780822,78.53714724515261,9.763440860215054,3.7,26,15.368421052631579,87.46223564954683,53.241836251774735,83.48319924278277,9.891150023663037,26.04848018468642
cuscatlan,tenancingo,0,912,2023,5,24,199,22,0,0,4,50,206,0,0,176.93712496738848,13.476850486582128,99.11920140927775,81.87181550013408,9.731642583308759,3.1,29,20.34816247582205,87.62278978388997,73.59586830213041,85.4099418979987,9.554551323434474,19.465290806754222
cuscatlan,san rafael cedros,0,772,5528,20,98,510,21,0,0,8,103,815,0,0,583.9548409168663,31.37852246763138,88.35797837122048,81.62374973398595,8.418770871169958,3.1,27,14.392698338403932,89.89402946497803,68.38235294117648,91.36710239651417,5.501089324618736,15.358690418873374
cuscatlan,candelaria,0,232,3765,20,66,555,21,0,0,4,67,480,0,0,274.70732371358565,35.65906838453915,93.18399387325293,72.39022723389714,9.474727452923688,2.5,30,14.313123561013047,89.30608365019012,73.34241598546775,81.56221616712081,2.588555858310627,28.455976180348785
cuscatlan,el carmen,0,185,4683,19,77,378,48,0,0,12,67,1721,0,0,2187.704918032787,15.548894717122518,92.5407589092483,84.24685903631092,7.328587485949795,3.5,33,17.91441119395363,87.52052545155993,76.51296829971182,74.27953890489914,8.93371757925072,33.99405351833499
cuscatlan,monte san juan,0,148,4082,90,71,996,25,0,0,7,90,550,0,0,384.07212622088656,15.708137715179967,91.49653493163514,84.18303008466943,7.844287949921752,3.2,30,19.747567709702864,85.69620253164557,78.07192807192807,78.42157842157842,10.38961038961039,48.8998652896273
cuscatlan,san cristobal,0,148,2978,10,48,552,17,0,0,4,81,1373,0,0,456.4215148188804,10.401635401635403,94.75409836065573,80.15597920277297,8.116883116883116,2.8,26,18.04140127388535,84.71030042918454,63.16440049443758,79.17181705809642,7.478368355995056,33.82687927107062
cuscatlan,santa cruz michapa,0,198,4155,19,51,602,23,0,0,7,55,450,0,0,411.8057981138666,56.480067854113656,89.97744118594908,72.16705607476635,8.08312128922816,2.7,27,17.13568935427574,85.02736512900704,80.9683426443203,85.81005586592178,4.655493482309125,29.719934102141682
cuscatlan,san bartolome perulapia,0,426,3081,14,24,122,36,0,0,0,45,500,0,0,654.5897644191714,58.103747828245226,93.79509379509379,70.03587254695083,8.811119384462646,2.7,25,9.824,89.02365069739236,64.85377116469985,89.53309389430477,2.9758850692662904,20.9366391184573
cuscatlan,san ramon,0,210,2337,11,70,363,27,0,0,0,31,351,0,0,400.5092297899427,20.041322314049587,90.95599393019727,78.80079568059108,9.869675778766688,3.7,25,10.106051154086089,91.07276819204802,32.213294375456535,85.90211833455076,1.8261504747991233,22.99807815502883
cuscatlan,el rosario,0,8,1024,0,29,217,2,0,0,2,23,259,0,0,296.97396199859253,10.071090047393366,90.2614968440036,84.68271334792122,9.004739336492891,3.5,36,19.918571875978703,86.56429942418427,71.36563876651982,81.27753303964758,16.519823788546255,36.87615526802218
cuscatlan,oratorio de concepcion,0,69,1484,8,6,467,6,0,0,1,12,82,0,0,147.12171052631578,24.007825600894353,96.80968096809681,79.34837092731829,9.446618222470654,3.9,28,13.157894736842104,92.37187127532776,42.43964421855146,87.67471410419314,2.0330368487928845,23.4375
cuscatlan,santa cruz analquito,0,50,1070,6,14,212,18,0,0,3,22,63,0,0,218.88230313293818,69.90328820116054,98.54070660522274,80.2649930264993,10.096711798839458,2.7,26,17.097919837645865,83.24225865209472,46.15384615384615,80.76923076923077,6.461538461538462,14.285714285714285
ahuachapan,ahuachapan,0,1653,32330,470,0,6520,2459,381,0,52,754,3230,0,0,451.36007188367915,57.89559410375438,91.51690553350778,68.33358720487433,8.648007890617224,2.5,24,18.112913178637545,84.08727803898297,84.39751458087143,83.22342088209507,4.623946937064003,37.05816035546124
ahuachapan,atiquizaya,0,458,10521,50,0,724,329,36,0,1,216,1659,0,0,504.0066026410564,62.11927233751153,93.59617269006858,65.10347539694243,10.319468842111531,2.2,25,15.277099380048845,88.08792629707452,76.24548736462093,81.93742478941036,4.681107099879664,35.96537527710335
ahuachapan,san francisco menendez,0,438,6549,62,0,6452,3433,39,0,42,382,647,0,0,188.41816654137,29.093810876147113,95.1048630826999,88.05225758043872,7.684183350153731,3.1,31,27.061364502604494,78.18320756519248,49.46167097329888,76.2489233419466,11.11111111111111,34.20915260135723
ahuachapan,tacuba,0,845,6142,23,0,4756,242,72,0,26,186,691,0,0,199.0798773169756,16.37417107642843,98.49754022071534,89.38221489280731,6.487373568222922,3.7,31,25.936030103480718,81.14541257934218,72.54623044096729,45.785917496443815,9.779516358463727,45.582112567463376
ahuachapan,concepcion de ataco,0,864,3497,19,0,43,416,12,0,7,106,2011,0,0,209.50352285761102,46.1598623494447,96.40552995391704,76.21278941565602,8.900359768496793,2.6,31,22.52206033244408,85.84005869405723,55.803415824329036,63.05332868595329,3.1718368769606133,39.363542026980284
ahuachapan,jujutla,0,209,7251,36,0,1079,257,27,0,32,189,2592,0,0,108.3500663004357,24.158187349208013,95.64235873580516,87.19073177117423,7.720549669568866,3.4,30,28.926126976634407,78.39885632594711,57.87802840434419,59.09774436090226,13.968253968253968,42.01528839471855
ahuachapan,guaymango,0,3168,4868,22,0,245,239,13,0,1,101,978,0,0,316.0717250539598,6.876083416504701,99.34031413612566,79.49273995851405,6.970636129642275,2.8,33,33.734769056389915,87.99531066822978,64.57055214723927,42.740286298568506,18.021472392638035,65.5830870652421
ahuachapan,apaneca,0,134,2938,10,0,259,213,10,0,19,49,841,0,0,185.7522712164857,35.10676368841704,95.18044237485448,70.73319755600814,9.340331623523799,2.6,28,17.166128784386046,88.6337543053961,83.95748987854252,77.42914979757086,1.9736842105263157,34.958641706573786
ahuachapan,san pedro puxtla,0,299,2261,3,0,467,439,1,0,15,52,1150,0,0,189.03210116731518,24.276341181011194,99.66606730028256,81.65459219443795,9.430078476778593,2.8,30,26.224383466481417,81.33414932680539,71.32397803538744,58.75533862111043,2.684563758389262,57.03664365374402
ahuachapan,san lorenzo,0,153,2489,14,0,1206,650,295,0,9,106,234,0,0,190.23380922822264,12.257994344137481,102.64491955036368,69.97596598262156,9.723732869262562,2.5,28,20.036455412226584,84.30393788130893,69.1016333938294,81.12522686025409,7.713248638838476,46.11632270168855
ahuachapan,turin,0,71,2763,85,0,1284,199,18,0,1,57,243,0,0,430.2725968436155,71.16816716683338,90.05069708491762,65.78220011055832,9.336445481827276,2.5,28,14.39223410241981,91.43835616438356,93.63476733977173,88.67427568042142,2.5899912203687445,31.542857142857144
ahuachapan,el refugio,0,61,3565,10,0,968,149,9,0,1,43,318,0,0,742.1435059037238,77.28552196793538,91.13450292397661,63.13373253493014,8.848366173051033,2.2,28,14.234765079857342,91.08159392789373,83.19532391622016,88.1636629322942,2.143205065757428,31.971830985915496
morazan,san francisco gotera,0,901,5140,197,0,645,1678,0,0,4,224,1087,0,0,352.22556894243644,72.72079433702314,89.034575662326,70.28557560067956,10.290275072449997,2.3,25,20.444553004396678,87.15277777777779,87.08,88.94,8.9,18.041063614944463
morazan,jocoro,0,725,3847,24,0,88,445,0,0,5,131,556,0,0,158.27564505978603,30.357852882703778,86.50352243233222,73.38848672871424,13.359840954274354,2,23,20.11046949535526,85.80278781621064,52.590266875981165,90.58084772370488,14.207221350078491,21.337480559875583
morazan,corinto,0,476,3309,13,0,24,485,0,0,7,104,979,0,0,162.22760290556903,21.829980532121997,89.03336604514229,97.26062467997953,9.234263465282284,3.8,34,37.718036324402085,72.5,48.80628588697491,44.666062254457536,19.159867029313993,36.860407352210636
morazan,sociedad,0,358,2652,18,0,34,1045,0,0,9,137,1044,0,0,96.39959432048683,9.363492898474487,91.15133232780292,86.4639529180971,12.072593371909521,3,33,34.108349559042495,76.57440834336141,41.357088703563306,76.57316148597423,30.288097043214556,36.00624024960998
morazan,cacaopera,0,1947,1761,19,0,109,298,0,0,22,109,1496,0,0,80.62329624990791,9.860184592890432,91.91511750263066,96.07597204802006,10.36278899753267,3.3,35,38.91036030420147,75,45.54009819967267,31.546644844517186,28.96890343698854,59.768869628024554
morazan,guatajiagua,0,332,2325,10,0,14,630,0,0,15,101,689,0,0,165.62102585841458,32.88115348519751,88.28915662650603,100.0853533629225,8.198959133179763,4.2,35,35.044805037539355,76.86567164179104,59.22560252864481,43.81667325167918,43.1845120505729,61.8786424408639
morazan,el divisadero,0,853,1771,10,0,96,425,0,0,18,91,183,0,0,124.13624511082138,10.791650256006303,88.30655129789864,73.86441451723351,12.787186556387029,2.4,26,24.32296047098402,84.81638418079096,66.95042563845769,84.92739108662994,14.02103154732098,29.32098765432099
morazan,jocoaitique,0,1098,1188,6,0,39,92,0,0,2,22,130,0,0,55.486981677917065,28.675703858185607,95.1831750339213,85.016077170418,9.94091067083768,3.8,34,20.747074707470748,90.73529411764706,82.36173393124065,66.81614349775785,7.623318385650224,31.86046511627907
morazan,osicala,0,178,2716,23,0,554,624,0,0,2,79,401,0,0,189.3517534537726,22.325738017734874,90.60761660248181,81.33523305515979,11.48277023234931,2.9,30,27.200704225352112,84.04940923737915,89.49474737368685,69.63481740870435,6.903451725862932,39.130434782608695
morazan,chilanga,0,390,1504,22,0,310,1440,0,0,2,76,399,0,0,282.5517040489368,12.75257731958763,83.50359440030269,90.4574906734734,10.34020618556701,3.1,33,35.9927596769702,73.4,78.11038353601496,68.05425631431244,27.08138447146866,51.041241322988974
morazan,meanguera,0,1397,1826,8,0,40,279,0,0,3,25,70,0,0,165.46031746031747,19.634177539012533,91.42997061704212,82.87719298245614,9.426963417753901,3.3,34,22.105788423153694,88.30954994511526,67.6056338028169,60.676056338028175,15.098591549295776,26.881720430107524
morazan,torola,0,643,474,0,0,33,510,0,0,0,25,86,0,0,52.21421215242019,7.199211045364892,102.39520958083833,89.76918278228322,8.645627876397107,4.2,36,25.371828521434818,89.52879581151832,50.079744816586924,38.11802232854865,28.548644338118024,48.970588235294116
morazan,san simon,0,1134,3125,4,0,65,703,0,0,24,128,749,0,0,258.0991313234543,15.343496337358939,93.82194934765926,92.60247855100096,6.860027717283707,3.6,33,30.62274117319989,83.27773144286907,80.66896212493852,36.399409739301525,33.00541072306935,74.79452054794521
morazan,delicias de concepcion,0,140,1342,12,0,102,337,0,0,1,64,683,0,0,251.0385756676558,40.60283687943262,90.54054054054053,75.70093457943925,11.977935382190703,2.7,27,24.92393509127789,85.7707509881423,59.67611336032389,74.41295546558705,18.299595141700404,36.895674300254456
morazan,joateca,0,254,815,10,0,150,596,0,0,1,26,312,0,0,63.527991549720845,19.239904988123516,93.29660238751147,96.91300280636108,12.660332541567696,2.7,26,27.209154481881754,87.32673267326733,62.419006479481645,30.345572354211665,16.630669546436287,44.37030859049207
morazan,arambala,0,580,1150,4,0,56,82,0,0,2,64,556,0,0,15.944313107433675,14.168039538714991,90.08350730688936,89.88529718456726,9.500274574409664,4.7,37,25.272331154684096,82.79816513761467,43.76470588235294,55.05882352941176,7.764705882352942,38.59060402684564
morazan,lolotiquillo,0,111,616,4,0,21,580,0,0,10,33,385,0,0,217.28558797524315,20.83418107833164,85.12241054613936,90.87378640776699,11.597151576805697,3.9,29,34.88754799780581,76.26494940202392,61.267605633802816,80.1056338028169,27.11267605633803,47.28183118741059
morazan,yamabal,0,335,1015,10,0,35,147,0,0,1,43,548,0,0,51.68886774500476,12.56327657616199,90.36355672360928,92.21583370190181,9.80211688909342,3.4,35,33.32273449920508,63.86473429951691,57.95574288724974,45.732349841938884,34.35194942044257,55.09090909090909
morazan,yoloaiquin,0,162,968,4,0,72,150,0,0,0,30,551,0,0,267.4315321983716,17.65845557708276,83.6807320793086,81.19358074222667,13.008580127318018,3,30,27.019299499642603,79.20656634746922,77.93791574279379,79.15742793791574,20.17738359201774,38.427947598253276
morazan,san carlos,0,303,918,13,0,145,468,0,0,0,27,335,0,0,112.93990254466704,23.897411313518695,90.154968094804,75.95951075495572,10.210930009587727,2.7,25,25.235997482693517,86.2547288776797,58.923230309072785,74.27716849451646,18.843469591226324,39.47811447811448
morazan,el rosario,0,131,503,5,0,95,149,0,0,0,13,90,0,0,70.03138075313807,35.32486930545183,96.04685212298682,75.9526938239159,14.63778939507095,2.7,29,16.218721037998147,89.47368421052632,73.75690607734806,69.33701657458563,25.41436464088398,29.78723404255319
morazan,perquin,0,435,1410,7,0,104,99,0,0,5,36,570,0,0,28.96981928263462,5.7314756174794175,84.67836257309942,82.01729106628241,7.916402786573781,3.2,29,19.210977701543737,81.98847262247838,79.57142857142857,49.57142857142857,13.857142857142858,39.48497854077253
morazan,sensembra,0,62,840,3,0,19,88,0,0,6,16,306,0,0,133.5149863760218,27.040816326530614,84.09517845961177,92.91338582677166,9.761904761904763,3.3,31,36.65893271461717,78.88563049853371,62.06373292867981,57.96661608497724,38.998482549317146,49.49367088607595
morazan,gualococti,0,410,799,5,0,149,221,0,0,2,30,306,0,0,196.02577873254563,24.93150684931507,98.1541802388708,84.99746578813989,10.191780821917808,4.6,36,28.802946593001842,78.81136950904393,92.71523178807946,54.17218543046357,15.62913907284768,70.3125
morazan,san fernando,0,83,580,2,0,7,186,0,0,10,16,365,0,0,63.423691050872634,12.763466042154567,89.77777777777777,79.03563941299791,10.245901639344263,2.9,34,16.900369003690034,87.468671679198,71.74515235457064,49.86149584487535,15.512465373961218,49.202733485193626
morazan,san isidro,0,90,1192,4,0,104,118,0,0,0,25,219,0,0,243.61424847958298,26.640513552068473,90.8781484002723,80.90322580645162,9.593437945791726,3.1,33,29.280742459396752,88.40125391849529,86.09625668449198,56.32798573975044,49.376114081996434,65.29605263157895
san vicente,san vicente,231,1112,15542,293,600,29,125,216,0,20,237,2965,0,0,199.11318989710009,68.96810929660046,92.27822944896116,67.78495979820275,10.172326311239734,2.1,20,17.791570302544013,85.58091286307054,80.80668722609965,91.3731537088135,3.5789644538224317,15.476799415418341
san vicente,tecoluca,22,1859,6458,31,38,6,57,25,0,12,143,2120,0,0,83.9381696820657,43.845477754991,93.70085123631941,80.16136329362087,8.646884024609719,3,27,24.788716935572385,81.87081599421025,58.63874345549738,78.61847660868096,12.379665597027529,22.19650205761317
san vicente,san sebastian,10,393,4350,14,22,6,67,27,0,12,57,1089,0,0,878.1840341255332,45.472208729442784,92.71195506820006,80.88364503577256,12.018596905141905,3.1,28,13.900785153461815,92.00891435848456,58.535127055306425,89.77578475336323,7.8624813153961135,18.85887402171169
san vicente,apastepeque,21,366,5994,26,37,6,52,25,0,10,109,1780,0,0,152.14001327140014,26.491113291898376,94.17742959983062,80.60259944860181,9.857158434194744,2.4,33,19.79599015124868,86.44816364481636,62.73653566229985,88.64628820960698,16.73944687045124,31.792135941513532
san vicente,san esteban catarina,12,1283,1465,9,7,1,35,6,0,0,28,118,0,0,302.565473009086,44.63875640346229,93.07639836289222,91.63845633039945,10.31619855149267,2.5,27,21.890430284505054,89.76034858387798,69.19079435783222,82.55382331106162,19.302152932442464,23.749208359721344
san vicente,san ildefonso,8,229,2397,23,12,0,53,1,0,3,42,912,0,0,126.13617984797024,27.977945890498784,91.38650306748465,81.32992327365729,9.757661238620335,3.3,28,30.13972055888224,71.46042363433668,72.37507018528916,81.97641774284111,37.17012914093206,30.353249018752727
san vicente,santa clara,4,424,1015,12,10,3,10,5,0,1,26,614,0,0,68.45405682109035,17.704243783884838,98.33147942157953,92.548596112311,9.534492428491307,3,30,24.21000248818114,85.63829787234043,53.23741007194245,79.2166266986411,26.53876898481215,28.937259923175418
san vicente,san lorenzo,10,534,1655,12,35,1,25,3,0,1,27,569,0,0,48.65016872890889,34.03798513625103,90.10989010989012,86.36503539550631,11.957060280759704,2.2,29,18.38314341001935,88.96797153024912,59.81638418079096,91.66666666666666,8.615819209039548,15.349887133182843
san vicente,verapaz,15,491,2273,54,17,5,60,16,0,4,46,646,0,0,257.3837926779103,39.23605561770817,98.25728770595691,77.30235194105978,10.708007032124021,2.5,35,16.6872174270448,90.57287889775199,88.32658569500674,86.23481781376519,4.116059379217274,16.228571428571428
san vicente,guadalupe,11,147,1903,11,103,67,33,14,0,4,44,514,0,0,255.04416550441653,67.82719650018228,90.15597920277297,79.75098296199214,10.82756106452789,2.5,33,14.211764705882354,86.67749796913078,89.375,85,1.7187500000000002,17.818959372772632
san vicente,santo domingo,17,106,2451,14,21,6,79,10,0,1,32,606,0,0,47.26112781403534,34.46082234290147,86.64929047205328,76.14102213719596,10.768037238169123,2.8,29,14.459513362584763,88.30675778283978,67.53078418664938,85.93648736228127,2.592352559948153,21.09795479009688
san vicente,san cayetano istepeque,6,252,1668,9,12,1,6,18,0,3,42,860,0,0,300,31.550068587105624,89.77314986984008,76.39128931904597,9.75896531452087,2.9,26,19.82953121082978,86.52849740932642,83.06188925081433,91.04234527687296,4.723127035830619,16.232876712328768
san vicente,tepetitan,3,520,1331,8,6,0,20,6,0,3,22,299,0,0,283.4504293520687,50.81244836133296,86.01434426229508,74.23224568138195,11.319195813825393,2.8,25,18.360886387618713,90.23383768913342,90.104772991851,81.60651920838184,2.6775320139697323,24.224224224224226
cabanas,sensuntepeque,0,349,12112,0,0,1036,246,0,0,59,117,2790,0,0,131.66193320928411,38.170683328374494,86.41153632834165,87.27711738484399,10.24744619656848,2.6,19,24.348026013269394,82.79889573157783,70.32076136764186,83.59769709787334,20.361884619903652,28.36360085920719
cabanas,ilobasco,0,569,19204,0,0,1281,242,0,0,42,217,4563,0,0,246.3454683807922,38.65712892212648,89.0637486936743,88.73887695612152,8.980653552267924,2.8,27,21.44728797274871,81.99554445419564,57.2086633263294,79.19023759495717,13.415225472765476,21.95760096605394
cabanas,victoria,0,1414,3322,0,0,470,7,0,0,6,70,780,0,0,85.92038108200069,10.391256138127673,87.52413485816129,94.8156148742478,9.56755900522731,2.9,25,27.786683766164366,78.35272504592774,71.46207974980453,84.44096950742768,13.995308835027364,36.619252398279855
cabanas,san isidro,0,83,3022,0,0,209,23,0,0,2,23,385,0,0,99.52763947402018,19.894817855310414,93.59324559225229,80.79777365491651,11.249358645459209,2.9,28,24.656627502895912,82.6214160327677,60.86956521739131,89.04788112272978,18.49201981287837,24.403747870528107
cabanas,jutiapa,0,106,1907,0,0,1295,17,0,0,2,55,564,0,0,98.09296781883194,9.523086269744836,90.45415099797512,95.428910655981,9.082624544349938,2.7,27,30.63265306122449,88.64803194523674,45.82392776523702,82.61851015801355,28.517682468021064,33.33333333333333
cabanas,tejutepeque,0,568,2012,0,0,540,5,0,0,6,45,394,0,0,140.81551860649247,38.58588698341299,88.40042372881356,89.40362087326945,9.221253865617093,3.9,24,24.759388563879977,86.05187319884726,67.51237623762376,83.16831683168317,8.292079207920793,25.293217746047937
cabanas,dolores,0,38,1541,0,0,734,3,0,0,6,31,386,0,0,42.5830258302583,22.262486213959352,93.32927200731038,89.8594077176189,8.838821490467938,2.5,26,32.883926690541394,76.26699629171817,62.49062265566392,74.94373593398349,33.383345836459114,44.27828348504551
cabanas,cinquera,0,338,497,0,0,259,3,0,0,0,7,26,0,0,42.5094175601275,30.94751192910702,104.31754874651811,84.76070528967254,9.270620313565098,3.9,40,21.927497789566754,89.72222222222223,77.90368271954674,84.70254957507082,20.113314447592067,29.230769230769234
cabanas,guacotecti,0,86,1971,0,0,787,40,0,0,2,22,77,0,0,264.1599238457877,43.585585585585584,87.62677484787018,86.80578929653315,8.702702702702702,2.4,30,24.15730337078652,81.05423987776929,79.60413080895009,88.2960413080895,6.712564543889846,22.619808306709267
santa ana,santa ana,1741,3833,76066,1434,0,1043,7242,673,0,112,1591,9609,0,0,613.4758155230596,83.26100863414297,91.95110123889376,60.246683033848726,10.497879154595573,2.3,25,11.87604538218165,86.87362560239555,84.12591255200566,90.29280163278123,1.9420676662218386,14.642640210568942
santa ana,chalchuapa,190,1037,22140,442,0,866,1168,62,0,62,517,2475,0,0,446.65781853281857,64.41962235608742,92.29150975248682,63.93870953456445,9.7801129149896,2.1,24,13.740822132502,84.4,82.43010752688173,88.97849462365592,3.166666666666667,25.166736626090202
santa ana,metapan,179,409,15642,3654,0,2299,764,45,0,51,734,1814,0,0,88.28176431863068,32.80455562334757,89.27918390915215,74.73865016140019,10.111178903125213,2.4,27,25.364729415345817,80.53159793006117,75.43717507258118,91.19573290122206,13.712781041118088,10.114376570754475
santa ana,coatepeque,67,268,8116,95,0,816,838,26,0,49,429,1923,0,0,289.85415845486796,36.28154917319408,95.25250916042695,77.40036668918266,9.385879025239339,2.4,33,19.103756835452028,86.3,61.11376103028857,82.7212020033389,5.044121154304794,31.62762022194821
santa ana,el congo,73,262,7437,213,0,725,1609,27,0,42,179,889,0,0,264.8911735754129,60.25847475122838,90.23643075956326,74.2499460392834,8.765844997729054,2.98,34,16.02815539197249,82.85547103569338,76.32747291777659,84.6386077073344,2.5217545729000177,26.47739546366302
santa ana,texistepeque,32,131,4524,343,0,2815,245,274,0,16,207,293,0,0,100.1452757445382,17.363164648775317,93.67840933650314,77.08724434344433,10.835239636221615,3.4,31,24.385510996119017,81.42857142857143,67.69509981851179,89.97277676950998,8.212341197822141,25.868306801736612
santa ana,candelaria de la frontera,171,283,7202,69,0,292,512,29,0,8,203,1718,0,0,248.9410731921431,35.91642422639513,94.56260720411663,69.7418630751964,9.737282905756855,2.5,26,20.237623762376238,81.57363819771352,71.10401135960241,89.65211217607384,8.058217962371316,26.435760805210183
santa ana,san sebastian salitrillo,67,545,6690,80,0,103,300,18,0,14,139,1333,0,0,438.70510396975425,94.15598405687817,88.77478393492628,63.10287270491083,6.9751158030809,2.4,21,11.032749109699044,84.53578614544409,88.84920634920634,92.5,1.0515873015873016,10.76780267868983
santa ana,santa rosa guachipilin,6,61,1079,6,0,373,51,5,0,3,50,295,0,0,128.35199166883626,8.74239350912779,89.17881811204911,80.71847507331378,10.50709939148073,3.9,34,31.501057082452434,79.09252669039147,85.07718696397941,90.05145797598628,23.58490566037736,9.760827407886232
santa ana,santiago de la frontera,14,69,1398,21,0,16,377,4,0,14,57,611,0,0,117.50339213025781,27.636643571978446,93.73601789709173,77.82340862422998,12.37490377213241,2.8,34,29.49657869012708,85.3236098450319,66.89291101055807,90.42232277526395,22.171945701357465,28.647371529828707
santa ana,el porvenir,23,173,2668,18,0,1293,126,7,0,13,73,257,0,0,156.74028941355672,11.18804664723032,98.45708775313405,71.4642782753593,8.503401360544217,2.6,29,20.009505703422054,82.53776435045317,74.87586891757697,79.74180734856007,6.554121151936444,39.67993434550677
santa ana,masahuat,9,114,566,12,0,586,440,7,0,6,30,42,0,0,47.6344236978801,14.677276746242264,95.56195965417868,81.5,8.25228411435308,3.9,37,30.910482019892882,85.57806912991657,81.92612137203166,82.98153034300792,40.89709762532981,37.10618436406068
santa ana,san antonio pajonal,4,306,1042,7,0,22,73,8,0,0,42,235,0,0,63.154853620955315,39.58523940225678,96.11244019138756,71.04851330203444,14.39463250991156,2.6,27,25.547169811320753,83.11897106109325,80.19801980198021,88.88888888888889,22.002200220022004,12.468407750631846
san miguel,san miguel,398,7317,38314,11912,0,757,11172,710,0,79,1990,5449,0,0,367.7059833664433,72.4032782381759,83.94279843015715,68.10079428606612,9.69690032507669,2.4,21,15.701596284924237,84.873046875,75.54925838908119,93.2008537044676,3.3161755474648924,12.73819911616517
san miguel,chinameca,28,690,6283,597,0,33,365,59,0,3,208,1431,0,0,288.47944142746314,27.892071175653264,89.50989552365583,76.0653409090909,11.608623548922056,2.9,34,21.796060254924683,74.8,46.81235325988803,77.42459815784721,5.002709048221058,39.21658986175115
san miguel,el transito,5,652,4848,244,0,35,258,18,0,1,142,1508,0,0,420.01372369624886,41.45292163589827,87.77993659883424,79.0638712823013,10.837009203289224,2.7,30,27.786465737844757,83.1715210355987,90.08048727430933,83.22819229932564,2.95845116380248,30.261985385849226
san miguel,ciudad barrios,12,403,5927,1321,0,35,440,32,0,20,190,1075,0,0,364.2595038896228,34.78260869565217,98.55188415073206,83.85686768410135,7.845428536890036,3.3,37,27.325708061002178,74.8,89.97808328352261,73.68001593943016,19.30663478780634,45.21857923497268
san miguel,chirilagua,7,1525,4946,209,0,37,258,15,0,2,223,432,0,0,96.58772353794103,15.547437950360287,90.8873817938676,86.7140054190414,10.678542834267414,2.9,27,30.92113982770046,81.7,62.771458117890376,88.37642192347467,6.514994829369184,29.380392156862744
san miguel,sesori,10,195,2189,559,0,11,144,13,0,2,40,493,0,0,52.65617314313822,9.789817842129846,90.14209591474244,88.86732533521524,10.154133582438114,3.1,31,34.03082320511214,78.76712328767124,45.836873406966866,76.5930331350892,40.14443500424809,43.28411955347497
san miguel,san rafael oriente,6,1287,3163,162,0,20,1069,14,0,1,168,356,0,0,295.2021323856064,42.121896162528216,85.45911247557912,78.19790828640386,12.603461249059444,2.7,29,27.607480239059186,85.88863463005339,72.70002996703626,84.20737189091999,4.25531914893617,38.51526125193999
san miguel,moncagua,10,1481,7015,898,0,84,439,40,0,4,212,249,0,0,220.09713453132588,28.45227062094532,88.9037098791163,73.1809844084378,10.2122776821572,2.8,26,23.929342269680788,85.08986021743954,61.00474266643246,88.03794133145969,5.357456525557702,33.02491103202847
san miguel,lolotique,11,534,4935,424,0,69,522,23,0,8,146,224,0,0,157.92482795129698,29.552158755698578,91.7470111839568,80.71238187545433,10.364709037275409,2.6,27,23.340040241448694,88.86476426799007,75.49953888718106,83.86105133722718,9.252997233323086,45.431211498973305
san miguel,san jorge,5,738,2193,147,0,13,102,9,0,4,95,1194,0,0,241.6489925768823,28.50246845858475,88.79453189726595,81.42914012738854,14.360943499725726,2.6,31,29.09218859957776,78.42278203723987,16.94011484823626,75.67678424938474,5.578342904019689,38.2649630127774
san miguel,chapeltique,9,136,2036,1480,0,82,374,20,0,1,91,125,0,0,103.6021245774988,22.110365398956002,86.37943015983322,78.08764940239044,9.917971662938106,2.9,31,28.4733100373539,77.7,66.41761698780967,81.47856861974047,16.044042469524182,32.496740547588004
san miguel,san gerardo,2,414,1320,841,0,41,65,13,0,1,43,587,0,0,72.25977788507967,16.43835616438356,78.42026825633383,90.515595162317,9.82292014700969,3.3,29,38.93922651933702,74.15282392026577,38.183217859892224,87.45188606620478,58.429561200923786,38.915662650602414
san miguel,carolina,1,854,2169,431,0,9,38,7,0,8,82,649,0,0,155.70672713529856,14.696601941747572,89.94928538497004,94.75301347199245,10.388349514563107,3.1,33,33.8696570778482,86.30865989356555,79.24311926605505,55.79128440366973,50.17201834862385,48.030374940673944
san miguel,quelepa,11,673,2114,455,0,39,113,11,0,4,190,136,0,0,182.30526789734353,58.33539145468016,90.18318459370597,74.00085947571982,10.743393430476662,3.1,28,20.02546959567017,79.1025641025641,57.24003887269193,87.94946550048591,4.081632653061225,30.61383061383061
san miguel,san luis de la reina,7,360,1790,135,0,3,30,5,0,2,47,562,0,0,33.5176596503746,19.176867127904913,85.79433091628214,91.34419551934828,11.548696114954764,3.5,33,36.18421052631579,77.29648991784914,55.44948289578361,86.47573587907716,24.66189339697693,33.939774153074026
san miguel,nuevo eden de san juan,1,743,1097,23,0,10,36,5,0,4,18,237,0,0,63.89988911769365,14.402578086266733,90.28301886792453,89.21200750469043,8.651462568170551,3.8,38,33.92330383480826,75.35953978907,27.602905569007262,73.00242130750605,48.789346246973366,44.276253547776726
san miguel,nueva guadalupe,10,245,2277,527,0,21,403,22,0,1,66,158,0,0,390.3989478298992,56.86692869174621,87.78996204133277,70.52853312906933,12.296462661426165,2.4,24,15.15449438202247,92.94258373205741,95.48563611491107,91.51846785225717,0.8207934336525308,20.972644376899694
san miguel,uluazapa,2,152,1012,152,0,93,202,9,0,0,29,120,0,0,92.00988467874794,38.73470605789316,85.65096952908587,84.32343234323433,14.532975231274248,2.9,31,27.11471610660487,82.69525267993875,71.62471395881008,91.87643020594966,3.318077803203661,31.058617672790902
san miguel,comacaran,2,615,1250,126,0,5,71,6,0,1,47,67,0,0,92.40323512420566,14.00437636761488,92.94330518697225,76.05943863511283,13.941856830259455,3,37,22.480314960629922,83.6,93.82422802850357,83.4916864608076,10.451306413301662,31.496786042240586
san miguel,san antonio del mosco,0,747,1831,99,0,5,66,1,0,35,49,196,0,0,313.6605558840923,8.031674208144796,93.93053016453382,89.90332975295381,9.087481146304675,3.6,38,36.71973717462724,90.5775075987842,68.97560975609755,44.390243902439025,53.85365853658537,74.73498233215548
la libertad,santa tecla,5821,3544,32008,1097,2803,0,1789,496,0,26,1065,12320,1108,0,1086.524064171123,89.28044098828624,84.35156060972659,49.115639601732,10.175706270302195,1.9,22,6.7315125598144645,87.4606070658484,92.46900015696123,97.09935645895463,0.7251608852613405,4.399421933188816
la libertad,quezaltepeque,346,1066,15307,163,192,0,655,189,0,34,373,1954,164,0,420,68.7,89.9,63,9.3,2.4,26,13.5,86.4,79.59321019965603,93.71120915277051,1.5122265122265122,18.79251700680272
la libertad,ciudad arce,138,752,18564,100,257,0,574,77,0,26,359,1518,529,0,695.1821115721531,68.77839307623438,93.06040139560193,70.4025992371804,8.32476705242564,2.5,25,15.351638694189013,84.8,84.56145174594447,91.11218036843553,1.2716524608193567,16.400820325851658
la libertad,san juan opico,302,995,23485,186,194,0,1361,87,0,13,458,3616,297,0,339,60.6,91.8,72,8,2.8,27,15.7,84.8,76.26957494407158,91.30313199105146,3.544455245644208,13.488958990536279
la libertad,colon,730,1096,30063,210,508,0,2061,404,0,46,716,3881,400,0,1153.9440809042237,94.04365443503903,89.40204655522575,63.23442785734722,6.988421367371557,2.5,27,10.105042574073583,83.7,92.27049213638395,96.46035680903809,0.42670784736050715,6.137196027320421
la libertad,la libertad,158,629,13674,117,96,0,1208,54,0,9,320,2342,313,0,222.2037037037037,64.18034836236353,93.55307022260459,74.45478336725793,7.842320193349446,2.7,26,19.041365725541695,81.05991384936692,70.06794611991894,89.45047085469066,7.199904637024675,18.767692017361767
la libertad,antiguo cuscatlan,3051,1085,7548,519,869,0,557,135,0,12,416,7221,275,0,1736.115404430706,100,82.92259255238302,43.51788756388416,11.887945872158586,1.7,15,4.003859141341052,90.92778793418648,96.92523465314488,98.87798036465638,0.6688963210702341,4.66724286949006
la libertad,comasagua,49,252,3314,21,46,0,99,24,0,2,114,1414,147,0,158.16122584943372,24.195450716090985,101.05013550135502,78.57680156461562,8.14658803706824,3.3,35,23.565804274465695,88.3,54.93282149712092,77.46641074856046,5.9884836852207295,31.179487179487182
la libertad,san pablo tacachico,40,742,4921,26,29,0,131,34,0,5,108,2615,233,0,157,27.59010114897378,95.11400651465797,83.26284531629624,8.4994598841205935,3.1,30,23.133398885611275,82.54035683942226,69.50261780104712,91.03403141361257,6.151832460732985,27.949852507374633
la libertad,jayaque,30,172,4483,18,37,0,246,39,0,0,131,870,100,0,232.6530612244898,62.34400434074878,95.75146043547531,71.30906274206042,9.233134382347622,2.6,34,18.312176774800186,73.77880184331798,73.99697199091597,85.04920514761545,1.3247539742619228,23.602693602693602
la libertad,huizucar,61,238,3254,14,31,0,420,16,0,2,86,1117,268,0,326.302729528536,33.46698928447978,94.5004706198736,78.14039408866995,7.915658486000692,3.3,32,17.92748021351003,85.13640639698966,46.773685867170286,83.78973874724583,3.0531948378973874,40.45191512813447
la libertad,tepecoyo,34,193,2713,103,38,0,1521,30,0,5,128,545,181,0,234.24926398429832,57.90392403295629,95.2023988005997,93,7.5408462505236695,3,32,19.77034910639874,82.048,75.18587360594795,77.6641883519207,5.328376703841388,30.666666666666664
la libertad,teotepeque,14,160,2893,27,13,0,237,39,0,6,61,1114,40,0,112.3370110330993,10.41396103896104,96.99392388871122,76,8.303571428571429,4.1,36,28.470982142857142,76.9690927218345,40.93184443588756,56.60377358490566,18.713900654601463,48.41370558375635
la libertad,chiltiupan,21,256,2831,25,11,0,167,16,0,5,62,1147,25,0,112.73536105938341,7.130402863173351,101.31165712174395,91.26315789473685,7.763604661833533,3.3,31,21.698705867571302,81.6,62.753222836095766,66.66666666666666,20.718232044198896,46.89244510606624
la libertad,nuevo cuscatlan,685,355,3630,133,209,0,145,31,0,1,154,1528,245,0,133.63689207517922,59.08365956212847,90.68288636991983,62.58840169731259,8.046976946498477,2.6,29,11.306578706248855,91.51917404129793,80.81471747700394,93.49540078843627,1.314060446780552,12.662337662337661
la libertad,tamanique,30,242,2777,348,21,0,223,74,0,6,165,426,156,0,455.7200538358008,29.215888954518604,98.62149875348291,84.12180532898314,7.604843473124631,2.8,30,23.24062159754528,82.86158631415242,47.399041752224505,75.73579739904174,14.27104722792608,27.299703264094955
la libertad,sacacoyo,50,112,4573,16,25,0,1000,20,0,6,143,1458,135,0,488,80.3,94.5,68,8.1,3,30,17.8,84.8,80.08365508365507,89.86486486486487,2.9302899444787167,25.44041450777202
la libertad,san jose villanueva,252,265,4128,58,127,0,204,39,0,1,144,796,449,0,417,79.1,94.1,71,7.5,2.7,28,15.2,83.9,47.3164713140037,90.90067859346082,3.724832214765101,13.60642885143081
la libertad,zaragoza,377,399,6763,87,451,0,302,80,0,5,173,1195,352,0,991.8538088947599,80.06659267480578,90.22886580525294,64,7.711431742508323,2.2,25,11.417031685533875,86.03572257016934,71.24686492296668,93.53278394840558,1.3436044428520244,11.095636025998143
la libertad,talnique,14,57,2477,13,15,0,301,7,0,0,73,826,24,0,139.80352303523034,59.231887569663186,97.18107978977544,73.36693971854652,7.499394233099103,3.2,27,18.375796178343947,83.8160136286201,87.83382789317507,87.19090009891197,2.6211671612265084,27.59097190234915
la libertad,san matias,7,78,1921,23,12,0,85,2,0,2,24,435,41,0,139,15.955701394585725,95.3004005340454,78.08619430241052,9.748427672955975,2.8,33,23.537803138373754,81.7550505050505,74.15083477259643,90.2705814622913,7.541738629821531,15.411298315163528
la libertad,jicalapa,6,66,1815,10,25,0,168,4,0,6,39,943,202,0,119.17074307011414,8.209538702111024,98.8340458608628,93.27540612013601,7.388584831899922,4.2,34,25.454052588777447,85.92420726991493,14.887640449438203,70.78651685393258,12.640449438202248,47.63811048839071
usulutan,usulutan,148,1223,17305,170,0,284,1314,515,0,63,361,1892,0,0,522.819320214669,70.48067447717071,86.53050804186879,70.31632438984592,10.497645899485383,2.4,23,18.325583015483218,86.42303123471456,70.88600637572826,92.76134989556996,1.8687479388809498,20.83239897744091
usulutan,jiquilisco,90,2976,10766,34,0,58,2837,44,0,16,319,753,0,0,111.128165771297,42.420056922819356,92.32069548418256,79.97062257542089,9.057425079524526,2.8,24,25.56273618489512,82.07119741100324,51.91919191919192,85.18518518518519,5.648148148148148,31.856204631870032
usulutan,berlin,20,1731,4824,18,0,95,1092,14,0,4,139,441,0,0,121.03293413173652,54.99522122898747,96.80238990927195,84.11137563399234,10.603249564288525,3.4,29,28.29221165279429,77.25864739287557,76.96800406297612,72.37176231589639,6.145251396648044,36.35763047786831
usulutan,santiago de maria,120,406,5580,26,0,44,931,24,0,3,99,671,0,0,482.65712012728716,78.78138563815175,87.8328173374613,72.40693378800796,12.164166804021757,2.8,24,16.689914911424186,87.84854710889346,81.68200299593408,92.33896854269206,2.696340680505029,15.687341313021399
usulutan,jucuapa,18,1249,5085,13,0,25,560,22,0,9,144,542,0,0,510.71725283854886,56.76173950764559,93.7388381132472,75.18761280516767,11.625637132632036,2.9,25,21.338560627275275,83.76237623762376,86.79245283018868,86.18681574656418,1.3743303051479152,31.26825198164372
usulutan,santa elena,14,552,4350,17,0,23,181,22,0,5,109,893,0,0,315.768390386016,29.892745934724946,88.3157780432186,77.4662300450266,12.368815592203898,2.5,27,23.864225894908472,88.66245694603904,88.38036518852265,87.88238083945933,1.3753853450320133,29.197371041625175
usulutan,jucuaran,4,1214,3719,17,0,294,135,12,0,9,79,130,0,0,56.005673995577624,8.492252681764006,97.26671565025717,89.33709449929478,9.877830750893922,2.9,26,32.10241260462826,80.59836808703535,61.523309258043334,80.30203545633617,11.884438608010505,49.827723297111056
usulutan,san agustin,0,867,1731,9,0,15,48,0,0,9,38,133,0,0,63.0123743232792,47.94415464866523,94.27719821162444,81.1561978877154,8.683645289966249,2.7,25,26.587706759240355,87.99444829979181,68.0381633870006,75.61121049493143,6.857483601669648,24.175257731958762
usulutan,ozatlan,6,190,2768,16,0,11,398,4,0,12,61,962,0,0,247.76981282357627,40.85027726432532,89.47769148774174,73.8577616319687,10.302981596078116,2.7,26,25.409496164213145,87.17131474103586,62.86614173228347,86.92913385826772,4.031496062992126,31.962519521082772
usulutan,estanzuelas,5,240,2430,12,0,14,225,140,0,0,63,549,0,0,125.67963195315767,42.96173044925125,89.66968230591206,83.90452876376989,12.246256239600665,2.5,23,28.805519620526088,85.41980894922071,85.56749182624942,91.45259224661373,12.19056515646894,34.61392164321035
usulutan,mercedes umana,9,1411,3896,11,0,24,253,132,0,2,87,381,0,0,213.1553239986975,23.71677360219982,93.66863905325444,82.95136948015652,11.831652917812404,2.7,31,25.504750593824227,83.7770678026269,86.71720500988793,88.82663150955834,7.185234014502308,36.93590112101178
usulutan,alegria,4,1116,3602,8,0,8,83,1,0,3,100,565,0,0,289.82925018559763,13.191598360655737,93.65079365079364,80.46224961479199,10.55327868852459,2.9,25,25.412026726057906,84.48546739984289,19.64980544747082,82.33463035019454,5.603112840466927,50.40421792618629
usulutan,concepcion batres,5,169,2625,11,0,11,608,12,0,2,95,876,0,0,102.4527509449811,26.3507419857342,88.77882680699582,80.02952029520294,10.961711896367959,2.6,29,27.254359846873673,85.5273287143957,37.9886401603742,84.89809555629803,4.577347143334447,35.547984099943214
usulutan,san francisco javier,1,1389,1512,9,0,13,31,9,0,0,30,210,0,0,119.35127978817299,18.487705675725643,94.35860582105641,73.69942196531792,10.796820114623776,3.1,29,22.57373929590866,86.1788617886179,67.62589928057554,79.7841726618705,6.115107913669065,39.33500627352572
usulutan,puerto el triunfo,17,524,3998,15,0,76,357,420,0,12,99,533,0,0,98.31633862935736,57.893150024119635,93.30924350157362,74.88136665612149,8.393632416787264,2.4,26,25.798101811906815,83.91510751186819,45.13609467455622,89.98816568047337,11.005917159763314,24.00383141762452
usulutan,tecapan,8,920,2511,9,0,16,158,7,0,0,42,240,0,0,158.96323833126806,46.17383396128362,90.4726552833457,81.06327922841685,10.614525139664805,2.8,29,24.14203194019708,87.31796116504854,51.93285859613428,78.0264496439471,2.899287894201424,27.165354330708663
usulutan,san dionisio,14,91,1828,1,0,18,82,4,0,3,50,418,0,0,43.01870378425402,25.904954499494437,91.36996904024768,81.53450807635829,7.239635995955511,2.6,25,27.435549525101766,83.13559322033899,32.4390243902439,85.1219512195122,17.317073170731707,41.17255163224517
usulutan,ereguayquin,10,426,1985,22,0,6,280,19,0,0,45,268,0,0,218.45769368082827,31.37767609086452,87.46936274509804,76.1370178468624,11.35806504330773,2.8,23,23.09799789251844,84.17207792207793,75.86657946370177,90.8436886854153,1.2426422498364944,34.78497550353838
usulutan,santa maria,15,255,2815,12,0,244,456,49,0,6,85,503,0,0,901.7647058823529,76.37685211070729,84.15994508323323,76.40966628308401,9.999068120398844,2.7,26,19.61262029479839,86.61305581835383,35.63044301400984,93.67663763725862,0.9466111321469141,24.32849644952146
usulutan,nueva granada,3,595,1933,6,0,6,36,0,0,0,36,727,0,0,83.03800289758163,17.594953697490272,90.75780849974399,86.78866883930809,10.481814521540734,2.9,25,29.76735988720479,88.02228412256268,82.438739789965,87.63127187864644,14.527421236872812,41.84755174154468
usulutan,el triunfo,20,294,2304,7,0,16,35,1,0,6,37,546,0,0,174.36414001510954,44.367417677642976,90.01097694840834,80.87774294670847,10.61525129982669,2.5,24,22.85607055732783,84.99669530733642,74.50738916256158,85.65270935960592,5.172413793103448,25.73419611747138
usulutan,san buenaventura,2,238,1954,2,0,7,130,8,0,3,34,188,0,0,169.32998925116445,19.868810833685995,93.60917656698075,77.00374531835206,12.611087600507828,2.7,30,22.003770535954754,86.5979381443299,80.54818744473917,87.8868258178603,4.420866489832007,31.53558052434457
usulutan,california,1,496,874,7,0,2,14,1,0,0,7,21,0,0,107.66079475624744,62.595129375951295,89.06474820143885,82.62682418346074,12.747336377473365,2.9,23,23.288355822088956,90.25270758122743,90.69182389937107,96.85534591194968,0.628930817610063,8.169934640522875
sonsonate,sonsonate,0,950,21381,338,226,941,1974,243,0,21,640,3560,0,0,307.6635272868017,68.67250947009407,91.16342454040188,64.62101339224078,10.117275408507009,2.2,26,14.372686281734126,85.6368155456805,68.80981871410877,84.90597905641256,8.079045152572908,19.56960322797579
sonsonate,izalco,0,867,20311,128,130,1254,893,120,0,9,436,4327,0,0,403.4053439454235,56.0689975901577,94.20071704206464,70.21853335572241,8.368212629828491,2.7,29,18.423779656394874,85.03757843204855,81.81590795397699,77.71385692846422,4.00200100050025,34.471084471084474
sonsonate,acajutla,0,493,13994,286,95,1143,3262,417,0,38,427,743,0,0,314.29857734557896,48.19992742412957,95.38398387939398,73.37417218543047,8.277469012013217,2.9,30,19.489995300635652,80.54302644379587,53.18688366872445,82.64250781688447,10.165958470295838,25.39192692260215
sonsonate,armenia,0,336,10665,65,73,365,538,31,0,25,248,2164,0,0,531.8708104814137,68.72708524289642,92.73490118140664,72.96868806975823,9.108615948670943,2.7,27,15.74170510340723,84.6444568868981,70.04674577490113,86.39578089416277,3.056454512765192,21.722969279545207
sonsonate,nahuizalco,0,2319,13721,106,604,1267,765,94,0,28,328,1201,0,0,1430.0990675990677,68.43585094028239,93.34646444750837,73.8672995855326,6.882500356553452,3,27,23.134833590597665,81.96082160517307,88.53545394300862,70.41560162832529,1.9123355107450537,49.48014317368331
sonsonate,juayua,0,334,6880,76,144,1310,862,104,0,16,229,1119,0,0,237.38598874442073,56.39893725730636,93.73614190687361,65.684681023974,9.523809523809524,2.6,27,15.731318737794222,86.17903025279735,82.05568924028876,81.2134754211069,0.7562736335510485,25.841363973313562
sonsonate,san julian,0,1111,4818,25,65,1135,508,9,0,5,230,558,0,0,228.4174424301813,50.72930072930073,98.7424064798039,77.14448560843546,8.333333333333332,3,29,19.32962467431871,80.6038647342995,60.85450346420323,72.51732101616628,8.429561200923787,35.42750156022467
sonsonate,sonzacate,0,763,8745,77,120,399,955,147,0,2,227,1222,0,0,2976.785714285714,100,87.10715354684227,60.81420027011384,7.64247150569886,2.6,20,8.464236693609882,89.06591008293321,95.95582516721107,95.27142634935448,0.6221807435059885,11.536423841059602
sonsonate,san antonio del monte,0,322,7484,67,78,761,1691,97,0,4,177,498,0,0,1071.3659896455595,74.27700542710579,87.65345982142857,66.91692002233667,7.4381086908036576,2.2,28,14.833919876584872,83.35866261398176,87.56580984825023,83.88045834623723,1.7187983895943018,19.169087005935094
sonsonate,nahuilingo,0,145,3051,20,22,91,371,16,0,6,78,691,0,0,294.09937888198755,70.6729384659691,96.36192271442036,68.23320413436691,8.188537966785063,2.2,30,20.230283521109325,84.7424684159378,72.73819055244195,80.66453162530024,6.6052842273819055,27.140381282495667
sonsonate,cuisnahuat,0,350,2247,12,36,682,672,24,0,0,89,421,0,0,173.57250445022592,23.674660776270116,101.8471337579618,81.3098813098813,7.612811612496055,3.3,26,19.448568398727463,90.82829719161039,3.0478395061728394,50.57870370370371,30.401234567901238,64.95849873691807
sonsonate,santa catarina masahuat,0,137,3593,159,54,292,464,72,0,1,73,384,0,0,325.8732212160414,42.536720921000395,96.41325536062378,74.3,7.016673283048829,3.3,32,25.9567168118237,87.46606334841628,70.16348773841962,57.08446866485014,2.316076294277929,46.572496884088075
sonsonate,caluco,0,137,2488,19,53,1310,264,19,0,5,75,564,0,0,177.69784172661872,17.605864974286025,105.83333333333333,78.95046015273155,7.298391508917825,3.9,27,20.01178029745251,88.55995985950827,64.30084745762711,58.315677966101696,13.877118644067796,46.2962962962963
sonsonate,santa isabel ishuatan,0,165,2127,8,19,441,629,14,0,5,79,1043,0,0,107.51706036745406,7.938677863489893,99.94142912924639,81.86822944414847,8.378088077336198,3,34,23.0679762212458,81.23436196830693,55.232826187183036,55.04840940525588,18.30336560627017,49.80190174326466
sonsonate,salcoatitan,0,400,1928,7,49,285,527,13,0,2,66,263,0,0,294.6802794196669,36.83442742523705,95.64752051373529,67.50152718387294,9.555069292487236,2.6,27,16.616384311905314,86.47114474929045,70.7126076742365,74.39310884886453,1.644479248238058,29.765395894428153
sonsonate,santo domingo de guzman,0,459,1763,12,24,165,514,11,0,2,59,358,0,0,252.6862464183381,32.27498228206945,92.91769209734755,79.33401118454499,6.761162296243799,3.3,32,25.20464496478203,87.35919899874844,81.829814459373,76.1996161228407,15.483045425463851,39.58785249457701
la union,la union,0,440,10034,0,0,251,73,45,0,24,151,1532,0,0,235.7197258187357,53.00631517109707,89.64460784313727,77.82710890571951,11.446614774563079,2.5,24,22.186642268984446,83.85676548282946,73.65155131264916,92.79236276849642,7.792362768496421,17.060696709447072
la union,santa rosa de lima,0,1112,9211,0,0,135,45,20,0,10,97,2444,0,0,215.40914747977598,49.25432419745062,86.5099676724138,73.34126189283926,11.349438486260066,2.5,24,21.347121554868195,84.48532144184318,49.7405485544848,90.61527057079319,8.643439584877687,13.191589333959827
la union,pasaquina,0,252,5302,0,0,32,117,7,0,2,137,1277,0,0,55.46523049825559,21.69770992366412,85.78398003176764,77.21861471861472,14.308396946564885,3,27,26.464941248752016,88.64292589027912,50.54997608799617,91.91774270683884,20.133907221425154,14.113451086956522
la union,san alejo,0,233,5130,0,0,166,110,11,0,13,109,975,0,0,69.93323795898904,16.888282759404476,85.67208271787297,83.36980306345733,12.359359018070236,2.6,26,25.998231913953145,78.64637985309548,49.02538531278332,89.43789664551224,15.29918404351768,19.84732824427481
la union,anamoros,0,196,4925,0,0,98,42,20,0,8,67,1690,0,0,134.7314814814815,12.301560030238472,86.55128205128206,81.86476690413699,12.41151810872105,3,30,35.23068764362736,75.80593680178742,35.33675626698882,76.29115070975536,32.95077016007249,18.22072072072072
la union,el carmen,0,184,4227,0,0,134,75,26,0,1,67,551,0,0,116.94818751186183,14.500162284972411,91.24767225325886,80.5978898007034,10.613437195715676,2.7,27,26.84878881656173,84.89842851667305,53.37949225189581,90.1747444774151,11.275964391691394,28.844642389310977
la union,conchagua,0,284,10507,0,0,575,88,30,0,26,231,1820,0,0,186.2141148325359,45.56768909587281,93.17512021095084,82.04940798128929,8.843209678282747,3,24,26.253645351731986,79.24101832024745,71.39931740614335,85.60864618885097,10.193401592718999,26.201880432854356
la union,el sauce,0,218,2433,0,0,232,18,7,0,9,56,481,0,0,44.618635403176334,13.672471738466237,83.51555929352396,79.68707109525117,15.96394744882371,2.7,28,30.801367261678692,76.99836867862969,34.378843788437884,87.88437884378844,27.244772447724475,15.726027397260273
la union,lislique,0,104,3274,0,0,72,41,16,0,31,100,876,0,0,135.44828981987453,4.774000747104968,89.4550601556971,104.16412446613789,8.210683601045947,3.2,36,46.59746251441753,63.417366946778706,47.15447154471545,48.78048780487805,38.80266075388026,48.68338557993731
la union,yucuaiquin,0,650,2315,0,0,18,21,9,0,14,52,503,0,0,123.21493294671983,17.340785409619063,81.79144385026737,83.31086546238879,12.98720400058832,2.6,27,26.304721850506596,80.97667638483965,74.84204480183803,85.58299827685238,20.850086157380815,34.05861456483127
la union,nueva esparta,0,82,3796,0,0,152,7,11,0,15,39,644,0,0,111.85004642525534,13.977378852339939,85.86306653809065,84.65223222839624,10.802116841340666,3.1,35,32.54365777717612,82.13028169014085,44.91449144914492,77.94779477947796,30.243024302430243,23.45924453280318
la union,poloros,0,244,2588,0,0,30,29,4,0,6,58,512,0,0,76.62717219589258,10.473147098237295,80.55090266145542,94.21421421421421,10.51437996082878,3.1,30,29.761570827489482,79.9370220422852,52.75,73.95,42.6,26.038461538461537
la union,bolivar,0,49,1801,0,0,12,15,7,0,0,8,536,0,0,81.70188020934289,12.075919335705812,85.03072870939421,82.86334056399133,15.729537366548044,2.6,30,23.05145952452603,83.73205741626795,44.669603524229075,89.95594713656388,22.90748898678414,19.913419913419915
la union,concepcion de oriente,0,142,2572,0,0,21,9,8,0,3,30,300,0,0,118.93267413116185,12.422056486122997,79.28540113985095,82.44479143430739,12.837755226800343,2.6,32,32.408278457196616,76.80232558139535,58.68232890704801,77.37487231869254,39.223697650663944,11.952041963282129
la union,intipuca,0,95,2227,0,0,370,17,9,0,3,70,504,0,0,80.082548417822,38.046782080084576,92.59353525069992,88.14022874191944,10.651513149200476,2.8,30,32,80.5505685218432,67.3015873015873,86.93121693121692,6.825396825396825,25.98825831702544
la union,san jose las fuentes,0,39,889,0,0,6,3,1,0,0,2,321,0,0,65.78830823737822,27.431841130932344,89.11521323997454,83.73531230674088,13.463480309660047,2.7,33,27.359721618094824,85.05154639175258,41.50453955901427,85.60311284046692,36.70557717250324,29.63709677419355
la union,yayantique,0,102,2181,0,0,89,39,11,0,4,29,507,0,0,164.14237935977067,42.220928540241594,85.25208951199784,81.58033826638477,10.755348566438656,2.7,25,31.62557781201849,79.04829545454545,84.61538461538461,81.26550868486352,16.19106699751861,26.06244579358196
la union,meanguera del golfo,0,6,892,0,0,5,1,0,0,1,13,361,0,0,95.42379625945085,18.84904086738949,88.22605965463109,80.70836473247928,11.426188490408675,2.8,28,27.46896923907178,78.06215722120659,41.06529209621993,92.43986254295532,29.20962199312715,19.444444444444446
la paz,zacatecoluca,0,1871,17870,254,0,290,1985,132,0,27,510,2836,0,80,204.87394957983193,63.997508583234584,90.89406374155381,74.25810721376573,9.593473703399873,2.4,23,17.31361434203558,85.21275819283264,47.64912280701755,84.97607655502392,6.417862838915471,19.20234788533096
la paz,santiago nonualco,0,618,13219,116,0,377,1499,162,0,16,194,1163,0,55,328.26104847337666,30.117582169629202,92.59777885079671,78.85745033854984,8.764760448266353,2.8,25,14.449571522742255,85.16262498563384,66.71480946561493,85.53494056215976,5.954893900677702,22.21384122194984
la paz,san juan nonualco,0,262,5333,25,0,63,355,28,0,5,88,1400,0,33,289.2875104777871,44.042651831247106,90.02312520647506,72.40483564791688,9.370653685674547,3.1,24,13.202331141661686,87.92284036902433,67.52258678078935,89.11079410366143,4.232049453162149,16.99121802214586
la paz,san pedro masahuat,0,398,7767,29,0,66,724,28,0,2,208,2293,0,87,209.62187989125957,51.54444706437161,93.35866261398176,76.32873674728016,9.278472058476774,2.6,27,19.166580817966416,73.99260628465804,46.25860749808722,84.5600612088753,9.73221117061974,14.601356090717793
la paz,olocuilta,0,393,9187,28,0,240,674,51,0,7,144,2327,0,58,329.27074041034786,53.902942869721294,91.47322007521723,68.95920352463237,7.839750753496563,2.8,24,12.042783573220653,85.97623089983021,82.4606971975393,91.8796992481203,2.556390977443609,14.230498945888966
la paz,san pedro nonualco,0,193,2928,12,0,61,268,12,0,1,70,1117,0,10,335.9477124183007,33.7116299178556,95.27226677923174,84.7813061713601,12.267617812364893,3.2,30,12.81763301979503,89.77667493796527,72.29956793086893,78.97263562169947,3.456553048487758,23.764801959983668
la paz,san francisco chinameca,0,209,2115,6,0,170,142,8,0,0,64,831,0,5,182.21509620128268,35.99566806552051,96.67199148029819,77.78580024067388,9.110599702179504,2.6,28,14.374006710224263,85.83586626139818,35.61732385261797,79.18552036199095,3.4906270200387848,41.234298197706174
la paz,san juan talpa,0,88,2488,25,0,223,265,6,0,3,48,662,0,24,189.17525773195877,58.855585831062676,89.50086058519794,67.3979148566464,9.78331387050733,2.5,23,11.912174340488283,89.83277591973244,85.9236002093145,89.90057561486134,3.296703296703297,14.002642007926024
la paz,el rosario,0,201,4319,18,0,31,1563,24,0,9,86,1202,0,42,1581.9038642789822,55.85081029551954,91.59817351598174,73.0666116725098,7.119876072449953,2.5,25,16.510363306801164,84.75488807027487,73.90900649953575,89.3686165273909,6.290622098421542,10.167714884696016
la paz,san rafael obrajuelo,0,148,3425,18,0,21,551,106,0,2,55,373,0,9,891.9164396003633,52.057026476578415,85.91442635365392,74.76419291688913,9.79633401221996,2.5,22,12.54964257347101,91.52964623816642,81.81019332161688,92.79437609841827,2.0210896309314585,11.499051233396585
la paz,santa maria ostuma,0,70,1911,76,0,18,63,8,0,8,37,783,0,4,248.34162520729683,25.909849749582637,100.06680026720107,84.3076923076923,11.318864774624373,2.9,29,13.815364751452549,90.75691411935954,70.84233261339092,78.25773938084953,2.8797696184305255,19.642857142857142
la paz,san luis talpa,0,301,7301,58,0,61,1866,32,0,7,159,582,0,301,328.60824742268045,60.98269896193772,91.78021589099275,74.47476454962569,7.432525951557094,2.8,27,17.592987155293116,83.9,44.40497335701599,86.57322021394319,18.373791197947504,31.280646091721948
la paz,san antonio masahuat,0,724,1342,7,0,4,163,10,0,0,31,233,0,4,147.6933749566424,25.857209957726635,96.04051565377533,85.29155787641427,11.22592766557069,3.1,27,15.76521204671174,88.85350318471338,49.89733059548255,86.55030800821355,12.320328542094455,22.311111111111114
la paz,san miguel tepezontes,0,189,1878,4,0,52,252,8,0,2,29,523,0,3,109.94809688581314,50.49173878835562,93.97176650133537,79.20338385618612,9.795436664044061,2.6,27,15.384615384615385,84.7027972027972,62.184189079054605,77.01711491442543,3.0969845150774247,26.362957430918595
la paz,san juan tepezontes,0,323,1260,1,0,143,31,2,0,0,27,440,0,4,202.56696428571428,36.36363636363637,98.14410480349345,80.68690890990543,11.707988980716253,3.1,30,15.001790189760115,92.0099875156055,42.474916387959865,78.81828316610925,11.594202898550725,19.771863117870723
la paz,tapalhuaca,0,402,1324,4,0,16,233,6,0,1,21,205,0,6,266.17749825296994,19.296403255447625,95.73484069886948,77.99065420560748,14.203202940404305,3.1,28,16.73228346456693,84.55598455598455,40.193236714975846,76.13526570048309,4.3478260869565215,13.77245508982036
la paz,cuyultitan,0,110,2083,14,0,10,215,13,0,8,45,687,0,9,649.2450638792103,60.196779964221825,93.4925579785393,67.96875,9.749552772808586,2.1,21,10.917327293318234,88.82096069868996,80.15373864430468,93.43116701607268,1.7470300489168415,13.481828839390387
la paz,paraiso de osorio,0,52,856,1,0,30,300,2,0,0,19,575,0,0,378.2246879334258,64.20975430876422,98.32727272727273,85.63648740639891,12.614594792812614,3,28,14.053803339517627,86.49921507064364,48.776978417266186,81.87050359712231,4.748201438848921,20.074349442379184
la paz,san emigdio,0,40,900,7,0,5,247,6,0,1,41,464,0,1,284.3592330978809,48.72249822569198,94.47895100069013,82.3948220064725,10.22001419446416,3.2,28,16.05335786568537,85.57993730407524,24.257425742574256,80.85808580858085,3.9603960396039604,18.9033189033189
la paz,jerusalen,0,64,724,2,0,15,813,7,0,6,24,156,0,4,56.310254163014896,17.43190661478599,93.66993217784476,70.9913506320692,9.494163424124514,3.1,27,15.531062124248496,88.40304182509506,90.06211180124224,77.95031055900621,5.279503105590062,17.391304347826086
la paz,mercedes la ceiba,0,7,337,1,0,1,598,0,0,0,9,28,0,2,98,76.138147566719,104.16666666666667,54.23728813559322,10.518053375196232,2.8,21,16.634429400386846,88.54166666666666,64.83516483516483,81.31868131868131,9.89010989010989,12.82051282051282
la paz,san luis la herradura,0,468,5333,27,0,601,1672,29,0,9,220,501,0,58,195.46891464699684,42.7297231070816,95.95697685585326,75.01500986362467,7.821612349914236,3.2,26,22.36052886165753,82,66.83880486905201,86.46141701203868,8.373293987458503,23.29161271759459
chalatenango,chalatenango,0,1572,9290,46,0,0,43,0,0,1,166,1926,1382,0,222.08649468892258,57.995968706228005,93.70657137184833,66.02007827122681,11.007481807932766,2.2,24,14.035978835978835,90.27925061859314,88.24356630572353,96.0061875966812,3.1781746589790467,8.881767196978368
chalatenango,nueva concepcion,0,820,7412,38,0,0,156,0,0,9,134,2192,602,0,111.16936580061362,34.39301310043668,89.14365005946875,78.37113659022931,9.124890829694325,2.5,29,23.936794582392775,75.89635432359144,64.96911255085129,90.11601627241224,11.194816935362363,19.12829957028852
chalatenango,la palma,0,819,3791,16,0,0,11,0,0,7,89,381,694,0,90,23.84961176951369,89.57235822745584,83.29588014981273,8.11606048222313,2.7,35,21.688437871100074,83.44663494221618,73.15058205031919,77.4314682688697,15.020653398422832,27.037363930567814
chalatenango,tejutla,0,615,4240,22,0,0,101,0,0,3,72,465,1163,0,126.60960178637886,39.89564961787184,93.21311940934261,78.4655737704918,9.861845972957084,2.6,31,18.17317745461458,81.90661478599222,47.69470404984424,89.75077881619937,9.813084112149532,17.190669371196755
chalatenango,la reina,0,80,2343,68,0,0,49,0,0,9,60,198,1024,0,71.34831460674157,21.3753280839895,89.66547192353644,83.9513325608343,10.32020997375328,2.8,30,21.707748876481002,83.05084745762711,48.9935956084172,88.60933211344923,15.599268069533395,20.044709388971686
chalatenango,arcatao,0,692,730,4,0,0,0,0,0,0,17,57,179,0,44.068810770381454,32.21317040054311,101.64271047227926,81.96417541692402,9.843856076035303,2.4,29,25.940170940170944,79.71204188481676,79.69465648854963,83.20610687022901,17.862595419847327,30.85234093637455
chalatenango,san ignacio,0,754,2621,11,0,0,11,0,0,8,55,279,626,0,124.52639190166305,14.318894437347579,89.00351185250219,85.78209277238403,7.943328301010336,3.1,37,22.470697100555213,78.24675324675324,76.1129207383279,83.55048859934854,6.7861020629750275,35.34188034188034
chalatenango,dulce nombre de maria,0,96,1381,16,0,0,4,0,0,1,55,313,710,0,93.46780162842339,41.67491585824589,88.89304412864622,92.78625954198473,10.572163927935062,2.8,38,23.761085028690662,78.16,87.61987794245859,87.53269398430689,9.328683522231909,22.289972899728998
chalatenango,citala,0,68,1761,11,0,0,5,0,0,1,20,523,244,0,52.46975806451613,32.85302593659942,89.27272727272727,79.48275862068965,9.798270893371757,2.9,31,26.32066728452271,69.20668058455115,75.77374599786553,79.93596584845251,23.265741728922094,27.946127946127948
chalatenango,agua caliente,0,55,1322,34,0,0,10,0,0,4,46,195,986,0,42.2039440073567,24.016462897954245,86.01666291375815,81.9202818762387,9.708267764193197,2.9,30,24.531864673485444,78.3756345177665,52.9627687467226,78.50026219192449,24.54116413214473,18.5785536159601
chalatenango,concepcion quezaltepeque,0,282,2127,9,0,0,19,0,0,2,39,576,397,0,122.8968405024743,46.430230757317645,89.46596244131455,78.66629773104593,10.918383150069692,2.7,27,20.79129574678536,83.9446366782007,97.27385377942998,94.91945477075589,5.266418835192069,16.254245511887433
chalatenango,nueva trinidad,0,348,282,2,0,0,1,0,0,0,1,12,28,0,36.110511547593354,13.209802749551702,105.27607361963189,76.10526315789473,10.221159593544531,2.7,37,24.69788519637462,91.29353233830845,84.89010989010988,80.4945054945055,20.054945054945055,27.684964200477324
chalatenango,las vueltas,0,550,405,1,0,0,1,0,0,0,6,12,23,0,25.522671734998642,32.02127659574468,93.01848049281314,77.6937618147448,12.553191489361701,2.7,31,22.32620320855615,87.96296296296296,92.67241379310344,89.65517241379311,12.5,26.621160409556317
chalatenango,comalapa,0,48,1055,7,0,0,0,0,0,1,26,398,411,0,106.16583982990787,26.23497997329773,86.55043586550435,89.26089703095388,10.814419225634179,2.4,38,23.63238512035011,84.97970230040596,87.356321839080465,90.94827586206897,12.78735632183908,23.226544622425628
chalatenango,san rafael,0,64,1334,6,0,0,14,0,0,1,43,409,666,0,179.76391231028668,39.07129455909944,88.00705467372134,81.0615711252654,13.273921200750468,2.6,32,17.361319340329835,87.57062146892656,76.23574144486692,94.96197718631178,4.467680608365019,17.515701325889744
chalatenango,las flores,0,714,232,1,0,0,0,0,0,0,4,3,2,0,60.37376048817697,36.95514845230575,104.5219638242894,72.06521739130434,12.31838281743525,2.8,32,20.740169622205087,85.5907780979827,90.64171122994652,87.96791443850267,4.0106951871657754,15.765765765765765
chalatenango,ojos de agua,0,81,963,3,0,0,13,0,0,1,19,153,162,0,107.4736225087925,21.8161985274066,81.17588932806325,84.73551637279597,10.171802563403327,2.6,35,27.529658060013958,84.84536082474227,98.66369710467706,92.65033407572383,16.926503340757236,32.27513227513227
chalatenango,nombre de jesus,0,734,1140,4,0,0,15,0,0,1,21,222,246,0,110.90774177590897,18.220338983050848,89.51817413355874,88.0083857442348,10.437109723461194,3,34,27.74884259259259,87.85211267605634,88.96982310093652,90.21852237252862,14.568158168574403,25.99830076465591
chalatenango,potonico,0,27,648,2,0,0,0,0,0,0,16,450,138,0,42.035515504903266,48.36065573770492,91.54589371980676,64.35233160621762,15.006305170239598,2.41,31,16.340361445783135,93.03135888501743,85.08158508158508,95.33799533799534,3.4965034965034967,23.18271119842829
chalatenango,san francisco morazan,0,637,832,2,0,0,12,0,0,1,23,35,415,0,40.331377997324275,17.963766266904823,102.84679089026916,88.23246878001922,9.083949987241644,4.2,38,23.585548738922974,82.8125,55.23255813953488,65.81395348837209,25.813953488372093,39.650413983440664
chalatenango,santa rita,0,114,1430,5,0,0,4,0,0,1,26,582,471,0,112.62702295822356,6.683375104427736,92.81572164948454,76.1330194231901,11.629072681704262,2.4,28,19.36233108108108,87.10907704042715,59.9602911978822,94.04367968232958,5.5592322964923895,12.573673870333987
chalatenango,la laguna,0,149,958,5,0,0,1,0,0,2,29,319,514,0,151.93648334624322,11.037471322967116,95.66084788029924,88.96917148362236,10.706092276319144,2.7,35,25.131926121372032,88.37209302325581,93.23882224645584,86.36859323882224,9.923664122137405,31.470335339638865
chalatenango,san isidro labrador,0,212,196,1,0,0,3,0,0,0,7,2,6,0,91.84975194897237,43.75,92.14232765011118,77.1701982228298,9.33641975308642,2.8,37,22.206371849738467,89.75155279503106,98.62068965517241,89.65517241379311,4.655172413793104,19.727891156462583
chalatenango,san antonio de la cruz,0,96,433,4,0,0,1,0,0,0,13,541,261,0,74.01197604790418,6.957928802588997,97.23404255319149,98.92703862660944,8.090614886731391,2.5,38,27,89.39393939393939,83.73983739837398,89.43089430894308,17.344173441734416,41.163310961968676
chalatenango,el paraiso,0,110,3588,21,0,0,43,0,0,7,39,247,1160,0,201.0548523206751,27.196413240484596,93.73498429125856,78.13084112149534,9.253076409424784,2.8,30,20.61002716720178,86.08695652173914,86.60362490149724,89.67691095350669,6.107171000788022,17.44040150564617
chalatenango,san miguel de mercedes,0,26,524,9,0,0,1,0,0,2,15,75,995,0,126.8230494645589,41.29473260956976,98.8009592326139,76.38297872340426,13.027744270205066,2.8,32,15.286947689182325,91.15789473684211,79.38671209540034,90.45996592844975,8.517887563884157,19.208211143695014
chalatenango,san luis del carmen,0,86,266,1,0,0,1,0,0,1,21,99,272,0,55.04458000938527,23.444160272804773,94.85049833887044,77.45839636913767,19.01108269394714,2.8,29,12.486992715920914,94.81132075471697,72.41379310344827,90.80459770114942,12.931034482758621,18.421052631578945
chalatenango,san jose cancasque,0,331,720,7,0,0,3,0,0,0,7,66,61,0,49.43534726143422,38.14962878355226,102.42774566473989,91.36612021857924,9.765848086807537,3.1,32,26.16191904047976,88.18181818181819,81.70103092783505,86.34020618556701,23.711340206185564,55.172413793103445
chalatenango,san antonio los ranchos,0,263,411,0,0,0,5,0,0,0,5,18,33,0,144.42462087421944,38.17171093267449,95.76783555018137,73.71244635193133,12.106238418777023,2.4,38,19.907763259031512,93.66391184573003,94.13333333333334,86.66666666666667,9.333333333333334,28.663793103448278
chalatenango,el carrizal,0,657,773,5,0,0,1,0,0,0,13,49,145,0,97.31437598736177,14.97564935064935,87.8048780487805,86.38426626323752,11.525974025974026,2.8,28,20.80501829587036,85.06711409395973,93.27433628318585,91.85840707964601,4.601769911504425,17.63975155279503
chalatenango,san fernando,0,626,650,5,0,0,3,0,0,0,30,251,195,0,58.89166477401771,24.33474739683764,96.29068887206662,92.78810408921933,8.368684920940996,4.3,46,29.173333333333336,86.89024390243902,57.38317757009346,65.60747663551402,25.981308411214954,51.523947750362844
chalatenango,azacualpa,0,194,478,2,0,0,0,0,0,0,8,51,195,0,113.48651348651349,46.390845070422536,93.85665529010238,76.3975155279503,17.341549295774648,2,26,13.725490196078432,94.4954128440367,84.85915492957746,95.4225352112676,5.28169014084507,8.89487870619946
chalatenango,san francisco lempa,0,132,335,0,0,0,1,0,0,0,5,53,154,0,78.29246139872843,69.37354988399072,97.70642201834863,73.79032258064517,16.82134570765661,2.2,33,13.674033149171272,96.17486338797814,98.2532751091703,93.01310043668121,4.8034934497816595,8.333333333333332
