country,year,v2x_polyarchy,v2x_libdem,v2x_partipdem,v2x_delibdem,v2x_egaldem,v2x_freexp_altinf
Argentina,1945,0.098,0.122,0.147,0.095,0.147,0.319
Argentina,1946,0.227,0.191,0.239,0.164,0.234,0.318
Argentina,1947,0.369,0.226,0.233,0.207,0.332,0.395
Argentina,1948,0.403,0.237,0.255,0.225,0.348,0.351
Argentina,1949,0.4,0.229,0.245,0.229,0.347,0.313
Argentina,1950,0.401,0.219,0.249,0.231,0.354,0.29
Argentina,1951,0.375,0.209,0.234,0.214,0.327,0.247
Argentina,1952,0.372,0.21,0.237,0.215,0.327,0.263
Argentina,1953,0.362,0.207,0.231,0.211,0.319,0.233
Argentina,1954,0.344,0.202,0.222,0.201,0.292,0.238
Argentina,1955,0.288,0.104,0.171,0.172,0.234,0.239
Argentina,1956,0.151,0.094,0.151,0.108,0.162,0.32
Argentina,1957,0.19,0.105,0.18,0.118,0.174,0.337
Argentina,1958,0.368,0.226,0.282,0.327,0.275,0.528
Argentina,1959,0.475,0.339,0.293,0.416,0.365,0.707
Argentina,1960,0.497,0.356,0.308,0.435,0.383,0.723
Argentina,1961,0.513,0.356,0.308,0.433,0.392,0.723
Argentina,1962,0.278,0.156,0.178,0.291,0.269,0.655
Argentina,1963,0.297,0.211,0.293,0.318,0.268,0.733
Argentina,1964,0.521,0.392,0.316,0.453,0.394,0.733
Argentina,1965,0.557,0.426,0.333,0.479,0.416,0.743
Argentina,1966,0.297,0.131,0.159,0.316,0.244,0.494
Argentina,1967,0.102,0.09,0.157,0.136,0.139,0.25
Argentina,1968,0.108,0.092,0.158,0.134,0.145,0.275
Argentina,1969,0.108,0.085,0.158,0.134,0.145,0.274
Argentina,1970,0.108,0.087,0.158,0.135,0.149,0.285
Argentina,1971,0.113,0.09,0.158,0.134,0.143,0.338
Argentina,1972,0.127,0.092,0.161,0.137,0.143,0.424
Argentina,1973,0.239,0.171,0.167,0.216,0.193,0.514
Argentina,1974,0.589,0.339,0.384,0.408,0.433,0.7
Argentina,1975,0.555,0.346,0.359,0.395,0.41,0.67
Argentina,1976,0.14,0.075,0.13,0.074,0.17,0.143
Argentina,1977,0.071,0.058,0.124,0.063,0.145,0.037
Argentina,1978,0.071,0.052,0.124,0.063,0.145,0.037
Argentina,1979,0.071,0.052,0.124,0.063,0.145,0.037
Argentina,1980,0.071,0.05,0.119,0.063,0.132,0.037
Argentina,1981,0.071,0.05,0.119,0.063,0.141,0.037
Argentina,1982,0.077,0.051,0.12,0.064,0.142,0.055
Argentina,1983,0.128,0.103,0.125,0.204,0.159,0.225
Argentina,1984,0.83,0.603,0.566,0.752,0.695,0.935
Argentina,1985,0.83,0.647,0.55,0.755,0.696,0.938
Argentina,1986,0.829,0.645,0.541,0.749,0.688,0.941
Argentina,1987,0.843,0.668,0.579,0.781,0.705,0.935
Argentina,1988,0.854,0.677,0.579,0.783,0.727,0.935
Argentina,1989,0.829,0.651,0.559,0.759,0.699,0.941
Argentina,1990,0.828,0.609,0.577,0.695,0.651,0.935
Argentina,1991,0.827,0.608,0.58,0.733,0.624,0.934
Argentina,1992,0.826,0.599,0.578,0.721,0.643,0.943
Argentina,1993,0.827,0.604,0.574,0.727,0.644,0.943
Argentina,1994,0.844,0.598,0.591,0.76,0.655,0.938
Argentina,1995,0.83,0.622,0.572,0.744,0.643,0.938
Argentina,1996,0.823,0.623,0.577,0.731,0.665,0.937
Argentina,1997,0.827,0.625,0.596,0.733,0.66,0.937
Argentina,1998,0.835,0.643,0.591,0.733,0.65,0.935
Argentina,1999,0.815,0.605,0.566,0.714,0.631,0.931
Argentina,2000,0.832,0.645,0.566,0.75,0.65,0.956
Argentina,2001,0.839,0.644,0.592,0.752,0.651,0.953
Argentina,2002,0.859,0.676,0.599,0.803,0.666,0.941
Argentina,2003,0.823,0.664,0.57,0.636,0.62,0.903
Argentina,2004,0.79,0.631,0.537,0.597,0.627,0.916
Argentina,2005,0.784,0.628,0.528,0.589,0.607,0.898
Argentina,2006,0.822,0.662,0.565,0.628,0.631,0.919
Argentina,2007,0.8,0.618,0.537,0.608,0.635,0.904
Argentina,2008,0.783,0.577,0.535,0.548,0.617,0.902
Argentina,2009,0.786,0.576,0.533,0.585,0.628,0.903
Argentina,2010,0.754,0.597,0.49,0.582,0.59,0.889
Argentina,2011,0.771,0.611,0.507,0.58,0.609,0.878
Argentina,2012,0.781,0.624,0.525,0.594,0.629,0.89
Argentina,2013,0.778,0.584,0.542,0.513,0.59,0.88
Argentina,2014,0.792,0.586,0.531,0.541,0.62,0.89
Argentina,2015,0.811,0.602,0.51,0.548,0.631,0.895
Argentina,2016,0.781,0.67,0.537,0.594,0.606,0.891
Argentina,2017,0.788,0.645,0.543,0.597,0.593,0.875
Argentina,2018,0.819,0.676,0.538,0.664,0.621,0.884
Bolivia,1945,0.119,0.061,0.046,0.04,0.035,0.357
Bolivia,1946,0.114,0.058,0.048,0.045,0.034,0.329
Bolivia,1947,0.168,0.074,0.069,0.057,0.042,0.358
Bolivia,1948,0.185,0.083,0.05,0.058,0.034,0.332
Bolivia,1949,0.173,0.083,0.042,0.063,0.035,0.317
Bolivia,1950,0.165,0.081,0.044,0.05,0.036,0.291
Bolivia,1951,0.114,0.074,0.044,0.041,0.029,0.291
Bolivia,1952,0.139,0.074,0.034,0.115,0.088,0.364
Bolivia,1953,0.231,0.096,0.092,0.182,0.143,0.462
Bolivia,1954,0.231,0.094,0.092,0.162,0.143,0.462
Bolivia,1955,0.238,0.096,0.094,0.174,0.143,0.462
Bolivia,1956,0.248,0.11,0.1,0.166,0.149,0.446
Bolivia,1957,0.28,0.114,0.107,0.181,0.155,0.446
Bolivia,1958,0.285,0.117,0.107,0.164,0.153,0.446
Bolivia,1959,0.291,0.12,0.107,0.167,0.153,0.446
Bolivia,1960,0.305,0.115,0.114,0.171,0.164,0.452
Bolivia,1961,0.317,0.119,0.114,0.174,0.169,0.452
Bolivia,1962,0.292,0.112,0.102,0.177,0.145,0.452
Bolivia,1963,0.274,0.107,0.102,0.171,0.138,0.452
Bolivia,1964,0.258,0.058,0.072,0.149,0.143,0.448
Bolivia,1965,0.137,0.041,0.047,0.07,0.117,0.303
Bolivia,1966,0.159,0.042,0.052,0.038,0.123,0.256
Bolivia,1967,0.189,0.054,0.054,0.043,0.13,0.234
Bolivia,1968,0.189,0.054,0.054,0.043,0.129,0.234
Bolivia,1969,0.172,0.031,0.04,0.048,0.126,0.259
Bolivia,1970,0.116,0.031,0.04,0.04,0.112,0.277
Bolivia,1971,0.106,0.029,0.049,0.034,0.111,0.236
Bolivia,1972,0.091,0.019,0.038,0.013,0.093,0.14
Bolivia,1973,0.091,0.019,0.038,0.012,0.093,0.14
Bolivia,1974,0.091,0.019,0.038,0.012,0.093,0.14
Bolivia,1975,0.098,0.02,0.04,0.015,0.091,0.143
Bolivia,1976,0.098,0.02,0.04,0.016,0.095,0.143
Bolivia,1977,0.098,0.02,0.04,0.012,0.095,0.143
Bolivia,1978,0.102,0.02,0.04,0.013,0.098,0.206
Bolivia,1979,0.143,0.045,0.054,0.03,0.117,0.286
Bolivia,1980,0.131,0.036,0.032,0.031,0.113,0.1
Bolivia,1981,0.107,0.027,0.035,0.037,0.107,0.147
Bolivia,1982,0.125,0.055,0.035,0.041,0.119,0.147
Bolivia,1983,0.331,0.19,0.127,0.263,0.228,0.864
Bolivia,1984,0.329,0.196,0.127,0.261,0.243,0.864
Bolivia,1985,0.501,0.33,0.26,0.365,0.344,0.852
Bolivia,1986,0.628,0.403,0.277,0.463,0.366,0.853
Bolivia,1987,0.647,0.42,0.331,0.491,0.382,0.853
Bolivia,1988,0.667,0.432,0.321,0.52,0.392,0.853
Bolivia,1989,0.656,0.427,0.331,0.514,0.385,0.853
Bolivia,1990,0.694,0.458,0.345,0.552,0.439,0.858
Bolivia,1991,0.72,0.453,0.355,0.577,0.456,0.858
Bolivia,1992,0.766,0.502,0.386,0.616,0.513,0.858
Bolivia,1993,0.774,0.515,0.401,0.642,0.512,0.858
Bolivia,1994,0.765,0.496,0.435,0.673,0.484,0.858
Bolivia,1995,0.782,0.513,0.469,0.688,0.528,0.858
Bolivia,1996,0.782,0.513,0.47,0.676,0.524,0.858
Bolivia,1997,0.789,0.557,0.454,0.684,0.53,0.858
Bolivia,1998,0.776,0.539,0.461,0.617,0.484,0.858
Bolivia,1999,0.778,0.544,0.458,0.629,0.487,0.858
Bolivia,2000,0.773,0.538,0.471,0.637,0.493,0.871
Bolivia,2001,0.789,0.547,0.476,0.649,0.512,0.869
Bolivia,2002,0.781,0.538,0.452,0.631,0.476,0.861
Bolivia,2003,0.776,0.545,0.47,0.635,0.478,0.846
Bolivia,2004,0.783,0.547,0.535,0.67,0.482,0.896
Bolivia,2005,0.769,0.515,0.528,0.672,0.483,0.876
Bolivia,2006,0.791,0.512,0.567,0.604,0.546,0.885
Bolivia,2007,0.76,0.476,0.575,0.56,0.53,0.858
Bolivia,2008,0.719,0.465,0.549,0.557,0.506,0.858
Bolivia,2009,0.716,0.464,0.55,0.529,0.503,0.858
Bolivia,2010,0.731,0.467,0.597,0.519,0.524,0.836
Bolivia,2011,0.73,0.464,0.583,0.52,0.531,0.836
Bolivia,2012,0.73,0.474,0.579,0.526,0.505,0.833
Bolivia,2013,0.662,0.42,0.534,0.529,0.456,0.807
Bolivia,2014,0.65,0.417,0.495,0.526,0.439,0.795
Bolivia,2015,0.628,0.418,0.477,0.474,0.443,0.783
Bolivia,2016,0.648,0.42,0.488,0.466,0.461,0.769
Bolivia,2017,0.646,0.417,0.488,0.464,0.46,0.801
Bolivia,2018,0.641,0.399,0.46,0.418,0.447,0.799
Brazil,1945,0.109,0.078,0.101,0.104,0.081,0.467
Brazil,1946,0.294,0.182,0.251,0.141,0.14,0.665
Brazil,1947,0.407,0.278,0.247,0.303,0.182,0.692
Brazil,1948,0.394,0.27,0.238,0.289,0.17,0.705
Brazil,1949,0.394,0.27,0.238,0.289,0.17,0.705
Brazil,1950,0.406,0.287,0.24,0.298,0.175,0.705
Brazil,1951,0.377,0.274,0.244,0.292,0.166,0.705
Brazil,1952,0.386,0.277,0.246,0.294,0.168,0.695
Brazil,1953,0.411,0.288,0.256,0.304,0.176,0.695
Brazil,1954,0.404,0.287,0.25,0.305,0.175,0.701
Brazil,1955,0.423,0.291,0.264,0.31,0.182,0.701
Brazil,1956,0.415,0.285,0.26,0.296,0.188,0.701
Brazil,1957,0.41,0.286,0.26,0.293,0.185,0.701
Brazil,1958,0.41,0.287,0.259,0.293,0.186,0.701
Brazil,1959,0.41,0.289,0.259,0.295,0.188,0.701
Brazil,1960,0.425,0.296,0.265,0.305,0.198,0.718
Brazil,1961,0.431,0.293,0.265,0.307,0.19,0.718
Brazil,1962,0.433,0.297,0.265,0.309,0.194,0.718
Brazil,1963,0.418,0.294,0.277,0.31,0.204,0.722
Brazil,1964,0.232,0.17,0.216,0.205,0.116,0.586
Brazil,1965,0.145,0.078,0.119,0.058,0.102,0.194
Brazil,1966,0.148,0.078,0.129,0.08,0.103,0.194
Brazil,1967,0.183,0.085,0.129,0.07,0.11,0.171
Brazil,1968,0.177,0.082,0.128,0.068,0.109,0.158
Brazil,1969,0.171,0.078,0.126,0.068,0.108,0.122
Brazil,1970,0.177,0.077,0.128,0.068,0.112,0.106
Brazil,1971,0.174,0.07,0.128,0.068,0.107,0.108
Brazil,1972,0.174,0.07,0.128,0.068,0.107,0.108
Brazil,1973,0.174,0.077,0.128,0.068,0.107,0.108
Brazil,1974,0.175,0.081,0.14,0.068,0.107,0.108
Brazil,1975,0.193,0.084,0.149,0.087,0.111,0.126
Brazil,1976,0.192,0.085,0.15,0.089,0.116,0.146
Brazil,1977,0.195,0.087,0.149,0.089,0.114,0.146
Brazil,1978,0.196,0.097,0.146,0.089,0.114,0.153
Brazil,1979,0.204,0.11,0.151,0.104,0.125,0.27
Brazil,1980,0.258,0.144,0.175,0.11,0.143,0.349
Brazil,1981,0.258,0.144,0.175,0.11,0.143,0.349
Brazil,1982,0.255,0.152,0.19,0.108,0.143,0.379
Brazil,1983,0.284,0.168,0.192,0.117,0.15,0.379
Brazil,1984,0.292,0.176,0.191,0.126,0.156,0.414
Brazil,1985,0.397,0.234,0.216,0.187,0.223,0.637
Brazil,1986,0.429,0.309,0.323,0.317,0.247,0.764
Brazil,1987,0.59,0.408,0.373,0.404,0.322,0.791
Brazil,1988,0.604,0.433,0.373,0.425,0.347,0.843
Brazil,1989,0.679,0.543,0.578,0.52,0.464,0.875
Brazil,1990,0.86,0.717,0.574,0.703,0.607,0.901
Brazil,1991,0.84,0.712,0.574,0.635,0.567,0.901
Brazil,1992,0.835,0.705,0.569,0.704,0.568,0.919
Brazil,1993,0.834,0.713,0.566,0.705,0.57,0.917
Brazil,1994,0.853,0.715,0.583,0.73,0.577,0.933
Brazil,1995,0.835,0.696,0.574,0.716,0.537,0.927
Brazil,1996,0.849,0.715,0.593,0.728,0.559,0.927
Brazil,1997,0.849,0.715,0.593,0.728,0.559,0.927
Brazil,1998,0.857,0.724,0.621,0.736,0.558,0.927
Brazil,1999,0.883,0.749,0.621,0.76,0.581,0.927
Brazil,2000,0.876,0.734,0.614,0.752,0.563,0.923
Brazil,2001,0.864,0.711,0.597,0.739,0.552,0.923
Brazil,2002,0.851,0.722,0.607,0.787,0.604,0.924
Brazil,2003,0.847,0.728,0.597,0.783,0.621,0.926
Brazil,2004,0.847,0.728,0.597,0.783,0.63,0.926
Brazil,2005,0.872,0.765,0.635,0.818,0.638,0.937
Brazil,2006,0.871,0.766,0.64,0.803,0.638,0.937
Brazil,2007,0.878,0.774,0.64,0.826,0.638,0.942
Brazil,2008,0.878,0.779,0.651,0.823,0.597,0.942
Brazil,2009,0.878,0.779,0.651,0.823,0.597,0.942
Brazil,2010,0.879,0.782,0.641,0.824,0.651,0.94
Brazil,2011,0.883,0.783,0.648,0.821,0.633,0.94
Brazil,2012,0.882,0.77,0.629,0.816,0.637,0.933
Brazil,2013,0.891,0.799,0.652,0.811,0.618,0.934
Brazil,2014,0.886,0.793,0.618,0.819,0.652,0.933
Brazil,2015,0.869,0.769,0.62,0.802,0.65,0.942
Brazil,2016,0.815,0.714,0.502,0.552,0.442,0.927
Brazil,2017,0.741,0.577,0.482,0.54,0.454,0.813
Brazil,2018,0.742,0.563,0.43,0.486,0.429,0.815
Chile,1945,0.393,0.292,0.181,0.274,0.16,0.572
Chile,1946,0.377,0.281,0.18,0.3,0.156,0.518
Chile,1947,0.376,0.285,0.179,0.262,0.163,0.524
Chile,1948,0.364,0.277,0.175,0.253,0.16,0.524
Chile,1949,0.367,0.288,0.171,0.232,0.168,0.539
Chile,1950,0.433,0.331,0.209,0.282,0.191,0.627
Chile,1951,0.433,0.323,0.209,0.282,0.191,0.627
Chile,1952,0.431,0.302,0.2,0.265,0.189,0.617
Chile,1953,0.419,0.3,0.199,0.255,0.166,0.632
Chile,1954,0.422,0.301,0.199,0.256,0.166,0.632
Chile,1955,0.422,0.301,0.199,0.256,0.172,0.632
Chile,1956,0.422,0.301,0.199,0.256,0.168,0.632
Chile,1957,0.428,0.3,0.207,0.261,0.168,0.632
Chile,1958,0.437,0.311,0.223,0.3,0.189,0.624
Chile,1959,0.553,0.4,0.268,0.389,0.247,0.697
Chile,1960,0.579,0.409,0.277,0.378,0.249,0.72
Chile,1961,0.564,0.397,0.272,0.372,0.256,0.702
Chile,1962,0.564,0.395,0.272,0.349,0.248,0.702
Chile,1963,0.589,0.415,0.283,0.411,0.265,0.748
Chile,1964,0.578,0.416,0.32,0.467,0.274,0.765
Chile,1965,0.593,0.455,0.32,0.491,0.291,0.785
Chile,1966,0.593,0.455,0.32,0.491,0.299,0.785
Chile,1967,0.589,0.453,0.321,0.485,0.3,0.761
Chile,1968,0.596,0.473,0.323,0.488,0.304,0.79
Chile,1969,0.588,0.466,0.315,0.496,0.298,0.779
Chile,1970,0.609,0.459,0.338,0.519,0.336,0.807
Chile,1971,0.713,0.538,0.4,0.569,0.413,0.807
Chile,1972,0.689,0.509,0.369,0.506,0.387,0.789
Chile,1973,0.335,0.09,0.083,0.282,0.172,0.218
Chile,1974,0.071,0.044,0.024,0.012,0.039,0.029
Chile,1975,0.071,0.044,0.024,0.015,0.039,0.029
Chile,1976,0.071,0.044,0.024,0.015,0.039,0.029
Chile,1977,0.074,0.044,0.025,0.013,0.04,0.029
Chile,1978,0.073,0.044,0.033,0.019,0.039,0.036
Chile,1979,0.075,0.045,0.025,0.012,0.04,0.047
Chile,1980,0.077,0.05,0.038,0.02,0.042,0.054
Chile,1981,0.078,0.055,0.038,0.016,0.044,0.06
Chile,1982,0.078,0.055,0.038,0.022,0.045,0.06
Chile,1983,0.078,0.056,0.038,0.027,0.045,0.06
Chile,1984,0.078,0.06,0.038,0.028,0.045,0.06
Chile,1985,0.081,0.067,0.038,0.028,0.045,0.068
Chile,1986,0.08,0.065,0.037,0.033,0.045,0.068
Chile,1987,0.088,0.072,0.037,0.033,0.046,0.076
Chile,1988,0.121,0.078,0.04,0.049,0.05,0.086
Chile,1989,0.131,0.08,0.041,0.057,0.055,0.178
Chile,1990,0.696,0.582,0.405,0.321,0.423,0.879
Chile,1991,0.805,0.737,0.416,0.72,0.543,0.897
Chile,1992,0.805,0.737,0.507,0.72,0.543,0.897
Chile,1993,0.814,0.744,0.539,0.718,0.541,0.888
Chile,1994,0.861,0.787,0.54,0.741,0.556,0.906
Chile,1995,0.861,0.787,0.54,0.765,0.556,0.906
Chile,1996,0.861,0.792,0.517,0.747,0.556,0.906
Chile,1997,0.861,0.792,0.542,0.774,0.556,0.906
Chile,1998,0.852,0.789,0.56,0.776,0.57,0.906
Chile,1999,0.841,0.771,0.549,0.77,0.555,0.897
Chile,2000,0.871,0.812,0.59,0.783,0.609,0.933
Chile,2001,0.871,0.811,0.581,0.782,0.609,0.933
Chile,2002,0.866,0.8,0.563,0.815,0.606,0.93
Chile,2003,0.866,0.8,0.563,0.804,0.606,0.93
Chile,2004,0.866,0.801,0.563,0.799,0.623,0.93
Chile,2005,0.874,0.811,0.577,0.814,0.66,0.933
Chile,2006,0.901,0.846,0.598,0.832,0.672,0.933
Chile,2007,0.898,0.839,0.595,0.835,0.676,0.933
Chile,2008,0.898,0.835,0.595,0.829,0.676,0.933
Chile,2009,0.897,0.836,0.595,0.836,0.671,0.934
Chile,2010,0.881,0.822,0.57,0.801,0.7,0.932
Chile,2011,0.892,0.837,0.587,0.808,0.706,0.942
Chile,2012,0.898,0.843,0.592,0.81,0.693,0.948
Chile,2013,0.904,0.842,0.55,0.783,0.643,0.948
Chile,2014,0.896,0.844,0.591,0.814,0.658,0.961
Chile,2015,0.866,0.807,0.599,0.79,0.615,0.94
Chile,2016,0.864,0.807,0.581,0.802,0.646,0.935
Chile,2017,0.876,0.812,0.599,0.8,0.596,0.941
Chile,2018,0.852,0.771,0.571,0.754,0.54,0.892
Colombia,1945,0.279,0.217,0.108,0.201,0.078,0.58
Colombia,1946,0.274,0.204,0.102,0.081,0.077,0.559
Colombia,1947,0.275,0.198,0.084,0.087,0.081,0.538
Colombia,1948,0.24,0.158,0.074,0.079,0.066,0.488
Colombia,1949,0.19,0.061,0.064,0.034,0.059,0.142
Colombia,1950,0.149,0.057,0.062,0.028,0.056,0.13
Colombia,1951,0.184,0.127,0.069,0.033,0.063,0.13
Colombia,1952,0.189,0.126,0.069,0.036,0.063,0.13
Colombia,1953,0.148,0.106,0.068,0.031,0.055,0.126
Colombia,1954,0.109,0.09,0.054,0.017,0.047,0.114
Colombia,1955,0.109,0.09,0.054,0.017,0.047,0.114
Colombia,1956,0.109,0.09,0.054,0.017,0.047,0.114
Colombia,1957,0.108,0.103,0.054,0.017,0.047,0.115
Colombia,1958,0.219,0.172,0.063,0.05,0.069,0.379
Colombia,1959,0.358,0.253,0.128,0.174,0.112,0.623
Colombia,1960,0.384,0.258,0.134,0.183,0.12,0.607
Colombia,1961,0.374,0.259,0.137,0.178,0.111,0.642
Colombia,1962,0.376,0.259,0.139,0.141,0.114,0.621
Colombia,1963,0.382,0.26,0.139,0.142,0.115,0.621
Colombia,1964,0.345,0.242,0.133,0.13,0.103,0.621
Colombia,1965,0.364,0.256,0.135,0.137,0.11,0.621
Colombia,1966,0.35,0.249,0.138,0.169,0.107,0.621
Colombia,1967,0.343,0.246,0.138,0.166,0.105,0.621
Colombia,1968,0.366,0.251,0.147,0.173,0.112,0.621
Colombia,1969,0.378,0.255,0.15,0.18,0.116,0.621
Colombia,1970,0.338,0.254,0.121,0.144,0.106,0.621
Colombia,1971,0.368,0.257,0.134,0.151,0.119,0.646
Colombia,1972,0.38,0.267,0.14,0.159,0.124,0.67
Colombia,1973,0.38,0.265,0.14,0.159,0.124,0.67
Colombia,1974,0.436,0.294,0.141,0.207,0.138,0.67
Colombia,1975,0.507,0.319,0.186,0.262,0.169,0.67
Colombia,1976,0.507,0.325,0.19,0.262,0.169,0.67
Colombia,1977,0.453,0.308,0.181,0.256,0.165,0.67
Colombia,1978,0.465,0.306,0.187,0.164,0.148,0.593
Colombia,1979,0.463,0.293,0.171,0.156,0.148,0.506
Colombia,1980,0.47,0.302,0.197,0.164,0.154,0.506
Colombia,1981,0.47,0.302,0.197,0.164,0.154,0.506
Colombia,1982,0.418,0.284,0.185,0.228,0.145,0.526
Colombia,1983,0.505,0.341,0.216,0.267,0.168,0.682
Colombia,1984,0.463,0.329,0.198,0.255,0.155,0.658
Colombia,1985,0.477,0.335,0.2,0.259,0.162,0.681
Colombia,1986,0.452,0.318,0.2,0.264,0.146,0.673
Colombia,1987,0.5,0.339,0.205,0.364,0.167,0.642
Colombia,1988,0.489,0.325,0.289,0.363,0.165,0.63
Colombia,1989,0.489,0.321,0.289,0.386,0.165,0.63
Colombia,1990,0.456,0.302,0.304,0.331,0.166,0.634
Colombia,1991,0.514,0.384,0.364,0.369,0.264,0.654
Colombia,1992,0.58,0.43,0.41,0.362,0.331,0.732
Colombia,1993,0.58,0.465,0.411,0.362,0.357,0.732
Colombia,1994,0.581,0.444,0.386,0.361,0.344,0.753
Colombia,1995,0.563,0.43,0.38,0.374,0.342,0.752
Colombia,1996,0.559,0.426,0.374,0.379,0.339,0.723
Colombia,1997,0.555,0.442,0.374,0.376,0.339,0.736
Colombia,1998,0.539,0.422,0.359,0.363,0.347,0.736
Colombia,1999,0.536,0.418,0.368,0.356,0.326,0.726
Colombia,2000,0.544,0.425,0.366,0.361,0.319,0.747
Colombia,2001,0.559,0.438,0.38,0.357,0.325,0.743
Colombia,2002,0.527,0.411,0.359,0.328,0.312,0.692
Colombia,2003,0.53,0.424,0.366,0.178,0.314,0.678
Colombia,2004,0.521,0.414,0.36,0.178,0.308,0.688
Colombia,2005,0.516,0.39,0.358,0.297,0.317,0.714
Colombia,2006,0.522,0.397,0.364,0.349,0.311,0.704
Colombia,2007,0.527,0.401,0.365,0.352,0.316,0.696
Colombia,2008,0.546,0.408,0.368,0.346,0.305,0.707
Colombia,2009,0.546,0.416,0.366,0.346,0.305,0.707
Colombia,2010,0.572,0.453,0.386,0.389,0.337,0.763
Colombia,2011,0.655,0.53,0.44,0.472,0.39,0.852
Colombia,2012,0.647,0.534,0.428,0.513,0.391,0.858
Colombia,2013,0.638,0.507,0.429,0.525,0.336,0.834
Colombia,2014,0.657,0.516,0.455,0.541,0.357,0.84
Colombia,2015,0.649,0.5,0.427,0.584,0.335,0.805
Colombia,2016,0.69,0.533,0.481,0.588,0.37,0.828
Colombia,2017,0.649,0.48,0.466,0.527,0.331,0.798
Colombia,2018,0.664,0.475,0.45,0.404,0.315,0.701
Costa Rica,1945,0.323,0.252,0.162,0.27,0.198,0.706
Costa Rica,1946,0.325,0.254,0.163,0.276,0.198,0.706
Costa Rica,1947,0.325,0.254,0.163,0.276,0.198,0.706
Costa Rica,1948,0.238,0.136,0.139,0.196,0.18,0.604
Costa Rica,1949,0.252,0.207,0.209,0.264,0.231,0.687
Costa Rica,1950,0.558,0.483,0.348,0.483,0.394,0.901
Costa Rica,1951,0.6,0.524,0.364,0.519,0.42,0.901
Costa Rica,1952,0.6,0.525,0.364,0.519,0.42,0.903
Costa Rica,1953,0.666,0.573,0.479,0.578,0.472,0.909
Costa Rica,1954,0.763,0.664,0.476,0.666,0.546,0.908
Costa Rica,1955,0.763,0.664,0.476,0.666,0.565,0.908
Costa Rica,1956,0.763,0.664,0.476,0.666,0.565,0.908
Costa Rica,1957,0.763,0.664,0.476,0.666,0.565,0.908
Costa Rica,1958,0.763,0.661,0.483,0.667,0.57,0.908
Costa Rica,1959,0.777,0.668,0.492,0.682,0.58,0.925
Costa Rica,1960,0.767,0.658,0.488,0.678,0.574,0.918
Costa Rica,1961,0.767,0.658,0.488,0.678,0.574,0.918
Costa Rica,1962,0.785,0.674,0.494,0.677,0.585,0.918
Costa Rica,1963,0.787,0.676,0.494,0.677,0.586,0.918
Costa Rica,1964,0.787,0.676,0.494,0.677,0.586,0.918
Costa Rica,1965,0.787,0.676,0.494,0.677,0.586,0.918
Costa Rica,1966,0.762,0.657,0.481,0.665,0.566,0.918
Costa Rica,1967,0.759,0.661,0.481,0.664,0.576,0.918
Costa Rica,1968,0.759,0.661,0.481,0.664,0.576,0.918
Costa Rica,1969,0.759,0.661,0.481,0.664,0.576,0.918
Costa Rica,1970,0.748,0.644,0.476,0.651,0.565,0.918
Costa Rica,1971,0.766,0.656,0.486,0.674,0.579,0.918
Costa Rica,1972,0.766,0.656,0.486,0.674,0.579,0.918
Costa Rica,1973,0.766,0.659,0.486,0.674,0.591,0.918
Costa Rica,1974,0.753,0.647,0.48,0.66,0.608,0.918
Costa Rica,1975,0.816,0.71,0.531,0.722,0.664,0.927
Costa Rica,1976,0.826,0.723,0.538,0.732,0.671,0.927
Costa Rica,1977,0.817,0.711,0.529,0.721,0.66,0.913
Costa Rica,1978,0.817,0.707,0.535,0.726,0.664,0.913
Costa Rica,1979,0.823,0.733,0.565,0.739,0.664,0.921
Costa Rica,1980,0.853,0.775,0.577,0.774,0.743,0.954
Costa Rica,1981,0.853,0.772,0.577,0.774,0.743,0.954
Costa Rica,1982,0.855,0.777,0.587,0.773,0.743,0.954
Costa Rica,1983,0.867,0.788,0.587,0.781,0.749,0.954
Costa Rica,1984,0.867,0.788,0.587,0.781,0.749,0.954
Costa Rica,1985,0.867,0.788,0.587,0.781,0.755,0.954
Costa Rica,1986,0.857,0.783,0.586,0.791,0.75,0.954
Costa Rica,1987,0.856,0.788,0.586,0.79,0.757,0.954
Costa Rica,1988,0.881,0.811,0.602,0.825,0.776,0.954
Costa Rica,1989,0.881,0.82,0.602,0.825,0.776,0.954
Costa Rica,1990,0.887,0.836,0.622,0.826,0.767,0.955
Costa Rica,1991,0.895,0.844,0.617,0.834,0.774,0.953
Costa Rica,1992,0.895,0.844,0.617,0.834,0.774,0.953
Costa Rica,1993,0.895,0.842,0.617,0.834,0.774,0.953
Costa Rica,1994,0.89,0.841,0.608,0.828,0.755,0.953
Costa Rica,1995,0.889,0.841,0.613,0.828,0.753,0.953
Costa Rica,1996,0.898,0.851,0.62,0.835,0.764,0.957
Costa Rica,1997,0.898,0.84,0.62,0.835,0.764,0.957
Costa Rica,1998,0.895,0.847,0.62,0.835,0.767,0.957
Costa Rica,1999,0.891,0.842,0.615,0.833,0.77,0.96
Costa Rica,2000,0.887,0.838,0.614,0.824,0.771,0.957
Costa Rica,2001,0.887,0.839,0.624,0.824,0.79,0.957
Costa Rica,2002,0.893,0.844,0.648,0.843,0.801,0.957
Costa Rica,2003,0.893,0.844,0.618,0.843,0.803,0.957
Costa Rica,2004,0.899,0.85,0.624,0.851,0.811,0.956
Costa Rica,2005,0.894,0.848,0.619,0.847,0.806,0.956
Costa Rica,2006,0.919,0.873,0.665,0.884,0.828,0.966
Costa Rica,2007,0.916,0.87,0.702,0.881,0.822,0.965
Costa Rica,2008,0.908,0.866,0.696,0.858,0.818,0.965
Costa Rica,2009,0.908,0.863,0.696,0.861,0.822,0.965
Costa Rica,2010,0.923,0.879,0.695,0.887,0.836,0.968
Costa Rica,2011,0.916,0.869,0.702,0.877,0.839,0.967
Costa Rica,2012,0.925,0.876,0.703,0.878,0.833,0.966
Costa Rica,2013,0.907,0.865,0.68,0.851,0.819,0.967
Costa Rica,2014,0.91,0.862,0.685,0.858,0.82,0.956
Costa Rica,2015,0.868,0.818,0.648,0.818,0.766,0.954
Costa Rica,2016,0.893,0.831,0.668,0.82,0.799,0.959
Costa Rica,2017,0.887,0.835,0.662,0.83,0.794,0.943
Costa Rica,2018,0.896,0.832,0.645,0.83,0.779,0.941
Cuba,1945,0.448,0.328,0.292,0.382,0.177,0.818
Cuba,1946,0.437,0.319,0.28,0.375,0.176,0.818
Cuba,1947,0.429,0.313,0.28,0.371,0.175,0.818
Cuba,1948,0.422,0.31,0.274,0.371,0.175,0.818
Cuba,1949,0.417,0.311,0.274,0.371,0.175,0.818
Cuba,1950,0.413,0.304,0.269,0.365,0.17,0.818
Cuba,1951,0.396,0.292,0.261,0.354,0.148,0.785
Cuba,1952,0.228,0.183,0.172,0.27,0.093,0.686
Cuba,1953,0.19,0.119,0.145,0.091,0.08,0.602
Cuba,1954,0.193,0.12,0.15,0.101,0.08,0.602
Cuba,1955,0.268,0.142,0.191,0.121,0.098,0.602
Cuba,1956,0.279,0.146,0.193,0.124,0.101,0.602
Cuba,1957,0.265,0.141,0.188,0.093,0.099,0.602
Cuba,1958,0.267,0.141,0.19,0.093,0.108,0.602
Cuba,1959,0.126,0.056,0.112,0.138,0.22,0.377
Cuba,1960,0.093,0.046,0.045,0.088,0.238,0.193
Cuba,1961,0.076,0.037,0.043,0.051,0.233,0.04
Cuba,1962,0.071,0.037,0.042,0.038,0.233,0.04
Cuba,1963,0.071,0.037,0.042,0.038,0.233,0.04
Cuba,1964,0.071,0.037,0.043,0.038,0.233,0.04
Cuba,1965,0.071,0.034,0.045,0.038,0.233,0.04
Cuba,1966,0.072,0.033,0.045,0.038,0.233,0.04
Cuba,1967,0.072,0.033,0.045,0.038,0.233,0.04
Cuba,1968,0.072,0.033,0.045,0.038,0.233,0.04
Cuba,1969,0.072,0.033,0.057,0.038,0.233,0.04
Cuba,1970,0.072,0.034,0.057,0.038,0.233,0.04
Cuba,1971,0.075,0.034,0.057,0.039,0.234,0.045
Cuba,1972,0.075,0.038,0.057,0.039,0.234,0.045
Cuba,1973,0.075,0.038,0.057,0.039,0.234,0.045
Cuba,1974,0.075,0.038,0.057,0.039,0.234,0.045
Cuba,1975,0.075,0.038,0.057,0.039,0.234,0.045
Cuba,1976,0.075,0.035,0.066,0.064,0.234,0.045
Cuba,1977,0.075,0.041,0.066,0.064,0.234,0.045
Cuba,1978,0.075,0.041,0.066,0.064,0.234,0.045
Cuba,1979,0.075,0.038,0.066,0.064,0.242,0.045
Cuba,1980,0.074,0.038,0.066,0.064,0.243,0.051
Cuba,1981,0.074,0.038,0.065,0.064,0.243,0.051
Cuba,1982,0.074,0.038,0.064,0.064,0.243,0.051
Cuba,1983,0.074,0.038,0.063,0.064,0.243,0.051
Cuba,1984,0.074,0.038,0.062,0.064,0.243,0.051
Cuba,1985,0.074,0.038,0.061,0.064,0.243,0.051
Cuba,1986,0.074,0.035,0.06,0.064,0.243,0.051
Cuba,1987,0.074,0.035,0.059,0.061,0.242,0.058
Cuba,1988,0.075,0.035,0.058,0.061,0.242,0.058
Cuba,1989,0.075,0.035,0.057,0.061,0.242,0.058
Cuba,1990,0.075,0.038,0.056,0.043,0.242,0.058
Cuba,1991,0.075,0.038,0.055,0.043,0.242,0.058
Cuba,1992,0.075,0.04,0.054,0.043,0.242,0.058
Cuba,1993,0.114,0.044,0.06,0.048,0.241,0.072
Cuba,1994,0.12,0.045,0.059,0.049,0.243,0.072
Cuba,1995,0.12,0.045,0.058,0.049,0.241,0.072
Cuba,1996,0.12,0.044,0.058,0.049,0.241,0.072
Cuba,1997,0.117,0.048,0.058,0.049,0.241,0.065
Cuba,1998,0.119,0.047,0.057,0.049,0.242,0.057
Cuba,1999,0.119,0.046,0.057,0.049,0.242,0.057
Cuba,2000,0.118,0.049,0.057,0.049,0.242,0.062
Cuba,2001,0.118,0.051,0.057,0.049,0.242,0.062
Cuba,2002,0.118,0.051,0.057,0.049,0.242,0.062
Cuba,2003,0.112,0.049,0.055,0.048,0.239,0.062
Cuba,2004,0.112,0.049,0.055,0.048,0.209,0.062
Cuba,2005,0.116,0.049,0.056,0.048,0.221,0.071
Cuba,2006,0.114,0.048,0.056,0.048,0.22,0.069
Cuba,2007,0.113,0.045,0.056,0.067,0.212,0.074
Cuba,2008,0.177,0.055,0.068,0.072,0.232,0.074
Cuba,2009,0.177,0.057,0.068,0.072,0.232,0.074
Cuba,2010,0.177,0.063,0.07,0.072,0.232,0.074
Cuba,2011,0.174,0.062,0.07,0.082,0.232,0.061
Cuba,2012,0.174,0.066,0.063,0.086,0.232,0.061
Cuba,2013,0.167,0.081,0.067,0.079,0.23,0.06
Cuba,2014,0.172,0.079,0.062,0.079,0.231,0.073
Cuba,2015,0.17,0.078,0.061,0.092,0.241,0.066
Cuba,2016,0.175,0.078,0.054,0.077,0.249,0.069
Cuba,2017,0.181,0.084,0.063,0.076,0.244,0.077
Cuba,2018,0.182,0.079,0.068,0.084,0.242,0.103
Dominican Republic,1945,0.154,0.034,0.099,0.021,0.062,0.083
Dominican Republic,1946,0.154,0.033,0.1,0.021,0.062,0.083
Dominican Republic,1947,0.158,0.034,0.1,0.021,0.062,0.083
Dominican Republic,1948,0.158,0.034,0.1,0.021,0.062,0.083
Dominican Republic,1949,0.158,0.034,0.1,0.021,0.062,0.083
Dominican Republic,1950,0.158,0.034,0.1,0.021,0.062,0.083
Dominican Republic,1951,0.156,0.033,0.1,0.021,0.062,0.076
Dominican Republic,1952,0.157,0.034,0.1,0.021,0.062,0.076
Dominican Republic,1953,0.157,0.046,0.1,0.021,0.062,0.076
Dominican Republic,1954,0.157,0.034,0.1,0.021,0.062,0.076
Dominican Republic,1955,0.157,0.034,0.06,0.021,0.062,0.076
Dominican Republic,1956,0.156,0.034,0.06,0.021,0.062,0.076
Dominican Republic,1957,0.156,0.033,0.06,0.021,0.062,0.076
Dominican Republic,1958,0.156,0.033,0.06,0.021,0.062,0.076
Dominican Republic,1959,0.154,0.033,0.06,0.02,0.062,0.076
Dominican Republic,1960,0.164,0.038,0.062,0.023,0.062,0.076
Dominican Republic,1961,0.181,0.055,0.072,0.025,0.067,0.168
Dominican Republic,1962,0.158,0.075,0.147,0.039,0.073,0.494
Dominican Republic,1963,0.312,0.141,0.172,0.15,0.176,0.552
Dominican Republic,1964,0.177,0.079,0.143,0.055,0.1,0.449
Dominican Republic,1965,0.168,0.105,0.14,0.054,0.096,0.415
Dominican Republic,1966,0.208,0.094,0.141,0.061,0.106,0.509
Dominican Republic,1967,0.278,0.094,0.184,0.075,0.127,0.54
Dominican Republic,1968,0.278,0.093,0.184,0.075,0.127,0.54
Dominican Republic,1969,0.278,0.093,0.184,0.075,0.127,0.54
Dominican Republic,1970,0.292,0.09,0.182,0.085,0.131,0.54
Dominican Republic,1971,0.274,0.085,0.182,0.082,0.128,0.54
Dominican Republic,1972,0.274,0.085,0.182,0.079,0.12,0.54
Dominican Republic,1973,0.274,0.085,0.182,0.079,0.12,0.54
Dominican Republic,1974,0.275,0.086,0.185,0.079,0.12,0.54
Dominican Republic,1975,0.279,0.089,0.183,0.08,0.123,0.54
Dominican Republic,1976,0.279,0.089,0.183,0.08,0.123,0.54
Dominican Republic,1977,0.279,0.094,0.184,0.08,0.123,0.54
Dominican Republic,1978,0.35,0.146,0.246,0.117,0.145,0.679
Dominican Republic,1979,0.448,0.24,0.247,0.155,0.2,0.847
Dominican Republic,1980,0.498,0.299,0.33,0.254,0.236,0.845
Dominican Republic,1981,0.498,0.299,0.33,0.254,0.236,0.845
Dominican Republic,1982,0.53,0.315,0.349,0.274,0.248,0.845
Dominican Republic,1983,0.549,0.325,0.352,0.286,0.255,0.845
Dominican Republic,1984,0.55,0.321,0.351,0.287,0.257,0.829
Dominican Republic,1985,0.539,0.312,0.345,0.28,0.252,0.82
Dominican Republic,1986,0.533,0.295,0.354,0.277,0.26,0.827
Dominican Republic,1987,0.541,0.284,0.344,0.254,0.271,0.822
Dominican Republic,1988,0.544,0.285,0.347,0.252,0.268,0.823
Dominican Republic,1989,0.544,0.287,0.347,0.252,0.303,0.823
Dominican Republic,1990,0.445,0.262,0.301,0.256,0.263,0.814
Dominican Republic,1991,0.461,0.269,0.31,0.267,0.261,0.814
Dominican Republic,1992,0.461,0.269,0.31,0.267,0.247,0.814
Dominican Republic,1993,0.461,0.26,0.31,0.267,0.247,0.814
Dominican Republic,1994,0.445,0.23,0.304,0.259,0.245,0.797
Dominican Republic,1995,0.461,0.24,0.313,0.271,0.255,0.813
Dominican Republic,1996,0.539,0.285,0.401,0.357,0.285,0.828
Dominican Republic,1997,0.603,0.349,0.392,0.462,0.327,0.848
Dominican Republic,1998,0.661,0.39,0.445,0.512,0.369,0.877
Dominican Republic,1999,0.682,0.398,0.445,0.523,0.375,0.877
Dominican Republic,2000,0.69,0.409,0.444,0.557,0.383,0.87
Dominican Republic,2001,0.699,0.407,0.464,0.564,0.399,0.87
Dominican Republic,2002,0.715,0.424,0.474,0.575,0.427,0.87
Dominican Republic,2003,0.725,0.421,0.474,0.582,0.443,0.87
Dominican Republic,2004,0.698,0.382,0.456,0.559,0.418,0.87
Dominican Republic,2005,0.683,0.392,0.456,0.546,0.408,0.87
Dominican Republic,2006,0.662,0.388,0.415,0.534,0.389,0.872
Dominican Republic,2007,0.661,0.39,0.427,0.546,0.399,0.872
Dominican Republic,2008,0.661,0.383,0.424,0.536,0.402,0.872
Dominican Republic,2009,0.661,0.382,0.424,0.53,0.404,0.872
Dominican Republic,2010,0.665,0.382,0.444,0.523,0.414,0.871
Dominican Republic,2011,0.662,0.376,0.435,0.518,0.394,0.871
Dominican Republic,2012,0.654,0.38,0.416,0.52,0.394,0.871
Dominican Republic,2013,0.645,0.369,0.39,0.461,0.355,0.849
Dominican Republic,2014,0.638,0.345,0.389,0.456,0.355,0.849
Dominican Republic,2015,0.601,0.32,0.35,0.459,0.271,0.794
Dominican Republic,2016,0.55,0.291,0.316,0.422,0.254,0.794
Dominican Republic,2017,0.572,0.295,0.334,0.435,0.292,0.813
Dominican Republic,2018,0.602,0.327,0.354,0.446,0.289,0.798
Ecuador,1945,0.158,0.104,0.106,0.052,0.048,0.531
Ecuador,1946,0.154,0.098,0.108,0.05,0.045,0.454
Ecuador,1947,0.189,0.109,0.132,0.057,0.053,0.454
Ecuador,1948,0.319,0.174,0.169,0.138,0.089,0.618
Ecuador,1949,0.349,0.193,0.169,0.135,0.104,0.628
Ecuador,1950,0.352,0.189,0.181,0.134,0.101,0.628
Ecuador,1951,0.35,0.187,0.181,0.133,0.099,0.628
Ecuador,1952,0.348,0.179,0.177,0.132,0.103,0.544
Ecuador,1953,0.34,0.174,0.174,0.132,0.099,0.533
Ecuador,1954,0.341,0.177,0.179,0.134,0.102,0.533
Ecuador,1955,0.348,0.181,0.182,0.138,0.107,0.533
Ecuador,1956,0.346,0.177,0.18,0.156,0.105,0.533
Ecuador,1957,0.357,0.185,0.182,0.152,0.105,0.59
Ecuador,1958,0.356,0.183,0.179,0.144,0.103,0.59
Ecuador,1959,0.355,0.183,0.179,0.145,0.102,0.59
Ecuador,1960,0.366,0.194,0.165,0.147,0.107,0.531
Ecuador,1961,0.366,0.194,0.165,0.147,0.107,0.531
Ecuador,1962,0.383,0.215,0.169,0.151,0.112,0.583
Ecuador,1963,0.22,0.058,0.096,0.071,0.068,0.48
Ecuador,1964,0.137,0.059,0.096,0.03,0.047,0.503
Ecuador,1965,0.14,0.061,0.097,0.025,0.047,0.503
Ecuador,1966,0.14,0.065,0.097,0.024,0.047,0.5
Ecuador,1967,0.165,0.116,0.097,0.046,0.049,0.55
Ecuador,1968,0.273,0.149,0.183,0.095,0.072,0.579
Ecuador,1969,0.379,0.198,0.179,0.105,0.096,0.503
Ecuador,1970,0.294,0.088,0.124,0.07,0.095,0.503
Ecuador,1971,0.213,0.087,0.118,0.052,0.073,0.591
Ecuador,1972,0.185,0.082,0.114,0.046,0.066,0.581
Ecuador,1973,0.147,0.06,0.1,0.036,0.062,0.501
Ecuador,1974,0.147,0.058,0.1,0.035,0.068,0.501
Ecuador,1975,0.147,0.058,0.1,0.035,0.072,0.501
Ecuador,1976,0.147,0.057,0.097,0.027,0.072,0.501
Ecuador,1977,0.155,0.068,0.101,0.028,0.073,0.544
Ecuador,1978,0.196,0.074,0.136,0.035,0.069,0.554
Ecuador,1979,0.348,0.115,0.37,0.227,0.161,0.739
Ecuador,1980,0.667,0.455,0.416,0.442,0.359,0.859
Ecuador,1981,0.667,0.446,0.416,0.446,0.359,0.859
Ecuador,1982,0.667,0.473,0.416,0.416,0.342,0.859
Ecuador,1983,0.683,0.477,0.422,0.418,0.356,0.857
Ecuador,1984,0.745,0.529,0.456,0.476,0.433,0.823
Ecuador,1985,0.683,0.431,0.427,0.32,0.39,0.779
Ecuador,1986,0.691,0.435,0.428,0.323,0.394,0.779
Ecuador,1987,0.697,0.437,0.428,0.326,0.397,0.779
Ecuador,1988,0.728,0.472,0.432,0.383,0.423,0.822
Ecuador,1989,0.757,0.531,0.481,0.475,0.397,0.843
Ecuador,1990,0.736,0.518,0.442,0.458,0.419,0.843
Ecuador,1991,0.706,0.501,0.439,0.437,0.41,0.843
Ecuador,1992,0.711,0.504,0.449,0.439,0.413,0.836
Ecuador,1993,0.696,0.466,0.434,0.419,0.406,0.81
Ecuador,1994,0.698,0.469,0.454,0.438,0.413,0.799
Ecuador,1995,0.695,0.474,0.456,0.431,0.408,0.791
Ecuador,1996,0.709,0.471,0.468,0.437,0.411,0.791
Ecuador,1997,0.715,0.507,0.45,0.461,0.419,0.791
Ecuador,1998,0.717,0.504,0.493,0.548,0.434,0.788
Ecuador,1999,0.725,0.498,0.504,0.473,0.426,0.788
Ecuador,2000,0.708,0.487,0.485,0.467,0.464,0.799
Ecuador,2001,0.708,0.487,0.485,0.467,0.464,0.799
Ecuador,2002,0.712,0.49,0.5,0.464,0.438,0.799
Ecuador,2003,0.731,0.499,0.503,0.439,0.445,0.799
Ecuador,2004,0.731,0.506,0.501,0.439,0.445,0.799
Ecuador,2005,0.731,0.508,0.499,0.435,0.444,0.799
Ecuador,2006,0.772,0.529,0.528,0.484,0.466,0.854
Ecuador,2007,0.727,0.494,0.539,0.609,0.52,0.876
Ecuador,2008,0.717,0.41,0.498,0.607,0.514,0.815
Ecuador,2009,0.649,0.371,0.456,0.493,0.455,0.792
Ecuador,2010,0.644,0.343,0.456,0.42,0.453,0.72
Ecuador,2011,0.634,0.331,0.439,0.431,0.443,0.734
Ecuador,2012,0.626,0.323,0.437,0.392,0.443,0.688
Ecuador,2013,0.634,0.34,0.408,0.474,0.464,0.761
Ecuador,2014,0.615,0.307,0.412,0.437,0.438,0.772
Ecuador,2015,0.601,0.31,0.404,0.428,0.439,0.768
Ecuador,2016,0.582,0.295,0.391,0.415,0.418,0.776
Ecuador,2017,0.599,0.368,0.414,0.533,0.462,0.732
Ecuador,2018,0.673,0.472,0.483,0.57,0.471,0.873
Guatemala,1945,0.27,0.157,0.052,0.259,0.112,0.679
Guatemala,1946,0.359,0.223,0.193,0.328,0.142,0.705
Guatemala,1947,0.408,0.235,0.211,0.362,0.156,0.705
Guatemala,1948,0.41,0.234,0.205,0.362,0.156,0.705
Guatemala,1949,0.396,0.227,0.205,0.338,0.152,0.705
Guatemala,1950,0.396,0.222,0.21,0.339,0.153,0.705
Guatemala,1951,0.387,0.217,0.208,0.344,0.151,0.687
Guatemala,1952,0.389,0.224,0.209,0.344,0.15,0.687
Guatemala,1953,0.393,0.201,0.21,0.35,0.152,0.687
Guatemala,1954,0.298,0.097,0.115,0.225,0.131,0.645
Guatemala,1955,0.132,0.056,0.077,0.051,0.05,0.112
Guatemala,1956,0.096,0.06,0.072,0.04,0.04,0.119
Guatemala,1957,0.104,0.06,0.072,0.042,0.041,0.119
Guatemala,1958,0.153,0.071,0.082,0.041,0.048,0.113
Guatemala,1959,0.154,0.071,0.086,0.042,0.048,0.127
Guatemala,1960,0.154,0.069,0.085,0.042,0.047,0.127
Guatemala,1961,0.158,0.069,0.08,0.042,0.047,0.127
Guatemala,1962,0.152,0.063,0.078,0.042,0.047,0.127
Guatemala,1963,0.099,0.047,0.075,0.037,0.039,0.127
Guatemala,1964,0.084,0.051,0.068,0.035,0.043,0.123
Guatemala,1965,0.092,0.05,0.062,0.034,0.044,0.123
Guatemala,1966,0.128,0.066,0.062,0.07,0.044,0.12
Guatemala,1967,0.194,0.083,0.099,0.088,0.053,0.164
Guatemala,1968,0.183,0.083,0.097,0.086,0.052,0.139
Guatemala,1969,0.183,0.082,0.097,0.086,0.052,0.139
Guatemala,1970,0.183,0.073,0.099,0.085,0.051,0.143
Guatemala,1971,0.181,0.081,0.079,0.097,0.051,0.126
Guatemala,1972,0.181,0.081,0.079,0.097,0.051,0.126
Guatemala,1973,0.174,0.081,0.078,0.098,0.05,0.126
Guatemala,1974,0.18,0.078,0.098,0.065,0.057,0.125
Guatemala,1975,0.178,0.07,0.092,0.066,0.057,0.128
Guatemala,1976,0.179,0.067,0.091,0.062,0.056,0.124
Guatemala,1977,0.177,0.066,0.088,0.062,0.056,0.102
Guatemala,1978,0.165,0.063,0.085,0.057,0.049,0.097
Guatemala,1979,0.165,0.062,0.088,0.057,0.049,0.097
Guatemala,1980,0.17,0.062,0.085,0.057,0.049,0.093
Guatemala,1981,0.172,0.068,0.086,0.051,0.052,0.093
Guatemala,1982,0.117,0.042,0.066,0.043,0.044,0.093
Guatemala,1983,0.099,0.046,0.065,0.043,0.041,0.095
Guatemala,1984,0.113,0.056,0.075,0.051,0.046,0.101
Guatemala,1985,0.143,0.052,0.133,0.066,0.057,0.257
Guatemala,1986,0.366,0.176,0.191,0.221,0.12,0.451
Guatemala,1987,0.384,0.192,0.222,0.27,0.12,0.499
Guatemala,1988,0.384,0.192,0.222,0.27,0.125,0.499
Guatemala,1989,0.384,0.192,0.222,0.27,0.125,0.499
Guatemala,1990,0.379,0.209,0.248,0.264,0.118,0.47
Guatemala,1991,0.41,0.221,0.24,0.274,0.161,0.493
Guatemala,1992,0.411,0.221,0.26,0.254,0.165,0.493
Guatemala,1993,0.429,0.23,0.272,0.265,0.185,0.499
Guatemala,1994,0.445,0.229,0.283,0.274,0.194,0.567
Guatemala,1995,0.431,0.227,0.304,0.291,0.188,0.569
Guatemala,1996,0.453,0.244,0.295,0.303,0.188,0.571
Guatemala,1997,0.501,0.287,0.315,0.373,0.199,0.711
Guatemala,1998,0.501,0.288,0.315,0.373,0.199,0.711
Guatemala,1999,0.512,0.302,0.336,0.386,0.202,0.711
Guatemala,2000,0.506,0.326,0.324,0.362,0.2,0.767
Guatemala,2001,0.506,0.318,0.324,0.362,0.2,0.767
Guatemala,2002,0.506,0.329,0.324,0.362,0.2,0.767
Guatemala,2003,0.516,0.333,0.365,0.366,0.204,0.767
Guatemala,2004,0.576,0.373,0.363,0.39,0.226,0.767
Guatemala,2005,0.633,0.407,0.393,0.42,0.252,0.782
Guatemala,2006,0.633,0.401,0.391,0.42,0.252,0.782
Guatemala,2007,0.619,0.407,0.362,0.42,0.249,0.781
Guatemala,2008,0.611,0.404,0.377,0.435,0.243,0.797
Guatemala,2009,0.603,0.387,0.371,0.418,0.236,0.784
Guatemala,2010,0.588,0.398,0.357,0.404,0.243,0.785
Guatemala,2011,0.577,0.414,0.336,0.415,0.238,0.785
Guatemala,2012,0.571,0.388,0.352,0.38,0.221,0.801
Guatemala,2013,0.643,0.456,0.386,0.437,0.267,0.815
Guatemala,2014,0.59,0.444,0.34,0.39,0.242,0.808
Guatemala,2015,0.616,0.441,0.41,0.382,0.24,0.79
Guatemala,2016,0.66,0.495,0.421,0.426,0.263,0.818
Guatemala,2017,0.704,0.513,0.431,0.472,0.284,0.798
Guatemala,2018,0.553,0.401,0.325,0.268,0.241,0.729
Honduras,1945,0.154,0.066,0.099,0.038,0.037,0.335
Honduras,1946,0.154,0.066,0.099,0.038,0.037,0.335
Honduras,1947,0.158,0.067,0.098,0.039,0.039,0.335
Honduras,1948,0.163,0.072,0.105,0.04,0.04,0.335
Honduras,1949,0.202,0.078,0.108,0.074,0.047,0.357
Honduras,1950,0.269,0.128,0.149,0.146,0.096,0.695
Honduras,1951,0.261,0.125,0.148,0.146,0.095,0.695
Honduras,1952,0.261,0.124,0.148,0.144,0.095,0.695
Honduras,1953,0.261,0.118,0.159,0.14,0.095,0.695
Honduras,1954,0.253,0.091,0.129,0.14,0.094,0.695
Honduras,1955,0.141,0.083,0.125,0.06,0.067,0.681
Honduras,1956,0.152,0.086,0.125,0.059,0.07,0.659
Honduras,1957,0.188,0.095,0.132,0.056,0.08,0.659
Honduras,1958,0.183,0.1,0.148,0.138,0.085,0.703
Honduras,1959,0.183,0.106,0.148,0.169,0.095,0.703
Honduras,1960,0.176,0.096,0.146,0.154,0.097,0.687
Honduras,1961,0.176,0.094,0.146,0.154,0.097,0.687
Honduras,1962,0.176,0.1,0.146,0.154,0.097,0.687
Honduras,1963,0.175,0.084,0.146,0.131,0.093,0.687
Honduras,1964,0.148,0.06,0.13,0.054,0.062,0.478
Honduras,1965,0.167,0.064,0.132,0.06,0.063,0.478
Honduras,1966,0.158,0.063,0.132,0.06,0.061,0.478
Honduras,1967,0.158,0.063,0.132,0.06,0.051,0.478
Honduras,1968,0.158,0.059,0.132,0.06,0.051,0.478
Honduras,1969,0.158,0.059,0.132,0.06,0.051,0.478
Honduras,1970,0.151,0.062,0.127,0.092,0.055,0.478
Honduras,1971,0.249,0.094,0.166,0.117,0.076,0.478
Honduras,1972,0.26,0.067,0.128,0.115,0.081,0.501
Honduras,1973,0.144,0.062,0.128,0.065,0.056,0.501
Honduras,1974,0.144,0.062,0.128,0.065,0.056,0.501
Honduras,1975,0.144,0.062,0.128,0.073,0.056,0.501
Honduras,1976,0.144,0.062,0.128,0.076,0.056,0.501
Honduras,1977,0.143,0.062,0.127,0.063,0.055,0.457
Honduras,1978,0.146,0.06,0.127,0.063,0.055,0.464
Honduras,1979,0.155,0.057,0.13,0.069,0.057,0.484
Honduras,1980,0.18,0.069,0.13,0.134,0.071,0.561
Honduras,1981,0.177,0.089,0.178,0.129,0.064,0.596
Honduras,1982,0.398,0.18,0.178,0.186,0.158,0.605
Honduras,1983,0.456,0.189,0.214,0.198,0.183,0.605
Honduras,1984,0.456,0.183,0.213,0.198,0.183,0.605
Honduras,1985,0.452,0.196,0.188,0.196,0.178,0.605
Honduras,1986,0.433,0.194,0.203,0.234,0.169,0.626
Honduras,1987,0.436,0.202,0.211,0.26,0.173,0.596
Honduras,1988,0.436,0.194,0.215,0.26,0.173,0.596
Honduras,1989,0.441,0.204,0.259,0.262,0.175,0.596
Honduras,1990,0.495,0.245,0.256,0.26,0.192,0.657
Honduras,1991,0.507,0.264,0.251,0.281,0.207,0.678
Honduras,1992,0.513,0.262,0.261,0.372,0.215,0.678
Honduras,1993,0.511,0.24,0.251,0.372,0.214,0.678
Honduras,1994,0.525,0.261,0.272,0.413,0.256,0.678
Honduras,1995,0.561,0.283,0.302,0.441,0.25,0.731
Honduras,1996,0.586,0.289,0.304,0.417,0.262,0.747
Honduras,1997,0.585,0.291,0.316,0.416,0.268,0.747
Honduras,1998,0.583,0.286,0.32,0.415,0.277,0.747
Honduras,1999,0.593,0.312,0.332,0.464,0.259,0.75
Honduras,2000,0.593,0.324,0.365,0.478,0.268,0.75
Honduras,2001,0.593,0.313,0.342,0.478,0.273,0.75
Honduras,2002,0.583,0.314,0.339,0.42,0.263,0.75
Honduras,2003,0.606,0.336,0.356,0.438,0.282,0.776
Honduras,2004,0.606,0.336,0.356,0.433,0.298,0.776
Honduras,2005,0.601,0.323,0.31,0.457,0.276,0.776
Honduras,2006,0.534,0.31,0.299,0.453,0.254,0.795
Honduras,2007,0.567,0.329,0.317,0.462,0.26,0.81
Honduras,2008,0.562,0.329,0.322,0.468,0.275,0.812
Honduras,2009,0.479,0.28,0.274,0.392,0.21,0.622
Honduras,2010,0.432,0.23,0.254,0.349,0.196,0.628
Honduras,2011,0.464,0.256,0.29,0.299,0.219,0.646
Honduras,2012,0.454,0.292,0.287,0.303,0.223,0.687
Honduras,2013,0.463,0.265,0.29,0.359,0.205,0.68
Honduras,2014,0.427,0.264,0.275,0.319,0.19,0.709
Honduras,2015,0.418,0.235,0.271,0.309,0.18,0.691
Honduras,2016,0.417,0.24,0.273,0.326,0.178,0.709
Honduras,2017,0.426,0.242,0.241,0.303,0.211,0.722
Honduras,2018,0.392,0.225,0.248,0.291,0.209,0.641
Haiti,1945,0.159,0.103,0.041,0.114,0.054,0.301
Haiti,1946,0.123,0.075,0.045,0.121,0.058,0.316
Haiti,1947,0.166,0.097,0.042,0.142,0.065,0.333
Haiti,1948,0.179,0.099,0.044,0.145,0.067,0.345
Haiti,1949,0.175,0.098,0.044,0.119,0.065,0.344
Haiti,1950,0.088,0.06,0.044,0.099,0.053,0.318
Haiti,1951,0.219,0.115,0.055,0.128,0.075,0.302
Haiti,1952,0.213,0.11,0.054,0.129,0.073,0.327
Haiti,1953,0.217,0.112,0.055,0.13,0.075,0.311
Haiti,1954,0.226,0.112,0.056,0.131,0.075,0.316
Haiti,1955,0.216,0.113,0.052,0.129,0.075,0.306
Haiti,1956,0.199,0.105,0.052,0.123,0.072,0.297
Haiti,1957,0.148,0.051,0.043,0.093,0.059,0.241
Haiti,1958,0.151,0.033,0.04,0.048,0.067,0.072
Haiti,1959,0.15,0.035,0.04,0.048,0.068,0.059
Haiti,1960,0.152,0.037,0.04,0.049,0.067,0.065
Haiti,1961,0.15,0.034,0.04,0.048,0.067,0.061
Haiti,1962,0.148,0.035,0.04,0.048,0.067,0.065
Haiti,1963,0.149,0.034,0.04,0.048,0.067,0.063
Haiti,1964,0.15,0.034,0.05,0.048,0.067,0.059
Haiti,1965,0.147,0.034,0.04,0.048,0.068,0.068
Haiti,1966,0.149,0.034,0.04,0.048,0.068,0.063
Haiti,1967,0.148,0.035,0.04,0.048,0.067,0.057
Haiti,1968,0.148,0.033,0.04,0.048,0.067,0.065
Haiti,1969,0.152,0.034,0.041,0.049,0.068,0.067
Haiti,1970,0.148,0.034,0.04,0.049,0.067,0.064
Haiti,1971,0.152,0.04,0.05,0.049,0.069,0.081
Haiti,1972,0.155,0.039,0.041,0.049,0.07,0.091
Haiti,1973,0.152,0.038,0.041,0.049,0.07,0.093
Haiti,1974,0.153,0.038,0.041,0.049,0.069,0.08
Haiti,1975,0.153,0.038,0.041,0.048,0.07,0.084
Haiti,1976,0.15,0.038,0.041,0.049,0.07,0.078
Haiti,1977,0.152,0.038,0.041,0.048,0.07,0.084
Haiti,1978,0.15,0.038,0.04,0.048,0.07,0.092
Haiti,1979,0.156,0.037,0.041,0.049,0.071,0.077
Haiti,1980,0.151,0.038,0.05,0.049,0.071,0.07
Haiti,1981,0.161,0.038,0.052,0.05,0.072,0.09
Haiti,1982,0.16,0.039,0.052,0.05,0.072,0.087
Haiti,1983,0.118,0.025,0.047,0.043,0.064,0.086
Haiti,1984,0.145,0.035,0.052,0.047,0.069,0.074
Haiti,1985,0.152,0.035,0.069,0.048,0.07,0.092
Haiti,1986,0.109,0.023,0.082,0.041,0.067,0.174
Haiti,1987,0.157,0.063,0.112,0.075,0.076,0.583
Haiti,1988,0.261,0.089,0.105,0.105,0.112,0.625
Haiti,1989,0.2,0.08,0.104,0.09,0.1,0.602
Haiti,1990,0.205,0.08,0.124,0.091,0.116,0.593
Haiti,1991,0.355,0.17,0.126,0.192,0.168,0.696
Haiti,1992,0.203,0.09,0.099,0.11,0.115,0.457
Haiti,1993,0.23,0.096,0.106,0.118,0.12,0.45
Haiti,1994,0.241,0.111,0.108,0.134,0.128,0.49
Haiti,1995,0.366,0.247,0.189,0.239,0.189,0.715
Haiti,1996,0.431,0.288,0.247,0.334,0.229,0.712
Haiti,1997,0.453,0.301,0.254,0.342,0.223,0.745
Haiti,1998,0.479,0.319,0.259,0.339,0.227,0.76
Haiti,1999,0.479,0.304,0.26,0.337,0.223,0.754
Haiti,2000,0.481,0.298,0.256,0.333,0.228,0.792
Haiti,2001,0.416,0.267,0.255,0.303,0.205,0.76
Haiti,2002,0.425,0.259,0.238,0.307,0.209,0.775
Haiti,2003,0.42,0.253,0.239,0.306,0.208,0.76
Haiti,2004,0.256,0.106,0.145,0.225,0.127,0.775
Haiti,2005,0.244,0.096,0.159,0.211,0.115,0.798
Haiti,2006,0.384,0.198,0.241,0.27,0.163,0.78
Haiti,2007,0.458,0.298,0.234,0.318,0.184,0.846
Haiti,2008,0.458,0.301,0.236,0.321,0.188,0.859
Haiti,2009,0.448,0.293,0.236,0.321,0.191,0.843
Haiti,2010,0.452,0.245,0.233,0.316,0.186,0.841
Haiti,2011,0.452,0.266,0.231,0.318,0.181,0.83
Haiti,2012,0.449,0.265,0.233,0.314,0.179,0.83
Haiti,2013,0.432,0.261,0.249,0.227,0.127,0.821
Haiti,2014,0.432,0.268,0.249,0.227,0.127,0.821
Haiti,2015,0.41,0.251,0.226,0.214,0.117,0.799
Haiti,2016,0.411,0.246,0.265,0.205,0.132,0.842
Haiti,2017,0.453,0.233,0.234,0.228,0.175,0.789
Haiti,2018,0.423,0.182,0.222,0.23,0.142,0.688
Jamaica,1945,0.295,0.234,0.113,0.163,0.157,0.65
Jamaica,1946,0.307,0.23,0.119,0.163,0.163,0.668
Jamaica,1947,0.308,0.231,0.183,0.168,0.172,0.698
Jamaica,1948,0.308,0.231,0.183,0.168,0.172,0.698
Jamaica,1949,0.308,0.231,0.18,0.168,0.178,0.698
Jamaica,1950,0.302,0.235,0.198,0.168,0.172,0.73
Jamaica,1951,0.302,0.233,0.194,0.162,0.171,0.7
Jamaica,1952,0.302,0.233,0.194,0.162,0.171,0.7
Jamaica,1953,0.472,0.313,0.264,0.222,0.24,0.7
Jamaica,1954,0.472,0.321,0.264,0.222,0.24,0.7
Jamaica,1955,0.497,0.345,0.302,0.23,0.251,0.739
Jamaica,1956,0.545,0.376,0.302,0.264,0.274,0.739
Jamaica,1957,0.545,0.376,0.31,0.264,0.274,0.739
Jamaica,1958,0.545,0.376,0.31,0.264,0.274,0.739
Jamaica,1959,0.548,0.382,0.312,0.266,0.279,0.739
Jamaica,1960,0.557,0.391,0.315,0.292,0.297,0.736
Jamaica,1961,0.559,0.387,0.318,0.299,0.297,0.736
Jamaica,1962,0.548,0.409,0.352,0.325,0.305,0.8
Jamaica,1963,0.559,0.434,0.353,0.388,0.349,0.815
Jamaica,1964,0.559,0.438,0.353,0.388,0.349,0.815
Jamaica,1965,0.555,0.436,0.35,0.385,0.346,0.797
Jamaica,1966,0.555,0.436,0.35,0.385,0.346,0.797
Jamaica,1967,0.514,0.399,0.315,0.36,0.326,0.798
Jamaica,1968,0.493,0.379,0.311,0.346,0.32,0.79
Jamaica,1969,0.518,0.394,0.332,0.36,0.329,0.79
Jamaica,1970,0.519,0.4,0.338,0.36,0.317,0.794
Jamaica,1971,0.519,0.4,0.338,0.36,0.317,0.794
Jamaica,1972,0.571,0.429,0.368,0.388,0.344,0.803
Jamaica,1973,0.55,0.426,0.351,0.401,0.381,0.789
Jamaica,1974,0.489,0.384,0.314,0.373,0.349,0.774
Jamaica,1975,0.497,0.386,0.311,0.374,0.342,0.807
Jamaica,1976,0.497,0.388,0.294,0.374,0.354,0.783
Jamaica,1977,0.45,0.361,0.294,0.34,0.346,0.783
Jamaica,1978,0.515,0.396,0.332,0.373,0.36,0.783
Jamaica,1979,0.537,0.414,0.342,0.394,0.384,0.783
Jamaica,1980,0.532,0.415,0.315,0.391,0.386,0.807
Jamaica,1981,0.446,0.373,0.308,0.346,0.353,0.829
Jamaica,1982,0.446,0.373,0.308,0.346,0.353,0.829
Jamaica,1983,0.451,0.375,0.357,0.348,0.355,0.829
Jamaica,1984,0.522,0.411,0.339,0.391,0.404,0.813
Jamaica,1985,0.57,0.449,0.364,0.403,0.421,0.829
Jamaica,1986,0.57,0.449,0.364,0.403,0.421,0.829
Jamaica,1987,0.57,0.449,0.364,0.403,0.421,0.829
Jamaica,1988,0.57,0.442,0.364,0.42,0.421,0.829
Jamaica,1989,0.614,0.479,0.399,0.467,0.462,0.829
Jamaica,1990,0.634,0.489,0.4,0.532,0.475,0.874
Jamaica,1991,0.634,0.49,0.4,0.532,0.475,0.874
Jamaica,1992,0.634,0.496,0.4,0.512,0.475,0.874
Jamaica,1993,0.658,0.522,0.429,0.544,0.494,0.874
Jamaica,1994,0.664,0.53,0.427,0.554,0.496,0.87
Jamaica,1995,0.679,0.54,0.436,0.574,0.506,0.886
Jamaica,1996,0.671,0.533,0.431,0.559,0.501,0.891
Jamaica,1997,0.672,0.534,0.435,0.559,0.502,0.891
Jamaica,1998,0.701,0.543,0.447,0.568,0.53,0.891
Jamaica,1999,0.7,0.545,0.446,0.577,0.528,0.902
Jamaica,2000,0.71,0.608,0.445,0.562,0.535,0.899
Jamaica,2001,0.71,0.608,0.445,0.562,0.535,0.899
Jamaica,2002,0.715,0.612,0.466,0.566,0.539,0.899
Jamaica,2003,0.727,0.614,0.466,0.578,0.542,0.899
Jamaica,2004,0.727,0.605,0.466,0.578,0.542,0.899
Jamaica,2005,0.738,0.63,0.493,0.625,0.565,0.912
Jamaica,2006,0.791,0.676,0.523,0.668,0.601,0.92
Jamaica,2007,0.803,0.678,0.525,0.655,0.603,0.92
Jamaica,2008,0.81,0.702,0.526,0.69,0.611,0.92
Jamaica,2009,0.786,0.664,0.507,0.679,0.603,0.92
Jamaica,2010,0.781,0.659,0.5,0.652,0.586,0.924
Jamaica,2011,0.781,0.681,0.522,0.669,0.597,0.924
Jamaica,2012,0.802,0.709,0.522,0.692,0.605,0.924
Jamaica,2013,0.816,0.697,0.557,0.692,0.639,0.949
Jamaica,2014,0.813,0.683,0.563,0.698,0.645,0.949
Jamaica,2015,0.813,0.699,0.563,0.709,0.623,0.949
Jamaica,2016,0.811,0.701,0.563,0.696,0.622,0.949
Jamaica,2017,0.814,0.707,0.557,0.652,0.602,0.948
Jamaica,2018,0.807,0.702,0.554,0.71,0.593,0.918
Mexico,1945,0.202,0.094,0.142,0.147,0.1,0.402
Mexico,1946,0.202,0.092,0.142,0.147,0.099,0.402
Mexico,1947,0.207,0.093,0.142,0.149,0.086,0.402
Mexico,1948,0.2,0.092,0.135,0.147,0.085,0.402
Mexico,1949,0.202,0.092,0.132,0.147,0.104,0.402
Mexico,1950,0.196,0.092,0.132,0.146,0.109,0.402
Mexico,1951,0.196,0.092,0.132,0.146,0.118,0.402
Mexico,1952,0.199,0.092,0.133,0.146,0.11,0.388
Mexico,1953,0.207,0.102,0.133,0.147,0.112,0.401
Mexico,1954,0.243,0.117,0.149,0.158,0.122,0.401
Mexico,1955,0.237,0.114,0.15,0.156,0.121,0.401
Mexico,1956,0.233,0.111,0.15,0.155,0.12,0.401
Mexico,1957,0.233,0.111,0.15,0.155,0.12,0.401
Mexico,1958,0.234,0.108,0.15,0.155,0.111,0.401
Mexico,1959,0.238,0.104,0.152,0.13,0.117,0.401
Mexico,1960,0.23,0.107,0.151,0.128,0.118,0.378
Mexico,1961,0.232,0.107,0.151,0.129,0.121,0.378
Mexico,1962,0.233,0.107,0.151,0.129,0.12,0.378
Mexico,1963,0.233,0.107,0.151,0.129,0.12,0.378
Mexico,1964,0.232,0.104,0.151,0.128,0.121,0.37
Mexico,1965,0.232,0.104,0.151,0.129,0.135,0.37
Mexico,1966,0.232,0.104,0.151,0.129,0.135,0.37
Mexico,1967,0.246,0.107,0.153,0.132,0.138,0.382
Mexico,1968,0.238,0.104,0.144,0.13,0.132,0.401
Mexico,1969,0.244,0.106,0.145,0.131,0.133,0.453
Mexico,1970,0.247,0.104,0.156,0.127,0.136,0.499
Mexico,1971,0.269,0.11,0.171,0.129,0.14,0.499
Mexico,1972,0.257,0.109,0.169,0.124,0.133,0.517
Mexico,1973,0.256,0.109,0.168,0.124,0.132,0.505
Mexico,1974,0.257,0.11,0.169,0.125,0.134,0.505
Mexico,1975,0.257,0.109,0.169,0.125,0.134,0.505
Mexico,1976,0.26,0.11,0.176,0.147,0.135,0.505
Mexico,1977,0.272,0.118,0.166,0.161,0.154,0.51
Mexico,1978,0.295,0.123,0.186,0.174,0.164,0.53
Mexico,1979,0.3,0.125,0.184,0.173,0.167,0.53
Mexico,1980,0.309,0.127,0.188,0.176,0.173,0.53
Mexico,1981,0.306,0.133,0.183,0.175,0.186,0.53
Mexico,1982,0.318,0.145,0.194,0.179,0.191,0.53
Mexico,1983,0.317,0.147,0.194,0.185,0.186,0.53
Mexico,1984,0.317,0.147,0.194,0.185,0.186,0.53
Mexico,1985,0.328,0.148,0.208,0.193,0.188,0.53
Mexico,1986,0.347,0.152,0.218,0.2,0.202,0.53
Mexico,1987,0.342,0.152,0.213,0.198,0.198,0.5
Mexico,1988,0.378,0.176,0.231,0.221,0.213,0.551
Mexico,1989,0.388,0.186,0.237,0.27,0.213,0.584
Mexico,1990,0.383,0.198,0.237,0.27,0.201,0.579
Mexico,1991,0.403,0.217,0.257,0.288,0.207,0.633
Mexico,1992,0.432,0.231,0.257,0.3,0.221,0.633
Mexico,1993,0.463,0.248,0.268,0.319,0.231,0.656
Mexico,1994,0.473,0.273,0.254,0.303,0.237,0.666
Mexico,1995,0.508,0.293,0.303,0.312,0.232,0.684
Mexico,1996,0.515,0.305,0.305,0.318,0.25,0.684
Mexico,1997,0.569,0.36,0.398,0.349,0.277,0.684
Mexico,1998,0.631,0.394,0.396,0.395,0.298,0.684
Mexico,1999,0.655,0.41,0.397,0.386,0.324,0.684
Mexico,2000,0.677,0.461,0.397,0.418,0.341,0.813
Mexico,2001,0.649,0.495,0.416,0.522,0.36,0.788
Mexico,2002,0.678,0.513,0.435,0.531,0.377,0.824
Mexico,2003,0.695,0.531,0.46,0.54,0.378,0.824
Mexico,2004,0.713,0.546,0.463,0.549,0.391,0.824
Mexico,2005,0.713,0.546,0.463,0.589,0.391,0.824
Mexico,2006,0.7,0.517,0.449,0.578,0.378,0.802
Mexico,2007,0.675,0.485,0.437,0.582,0.335,0.823
Mexico,2008,0.686,0.505,0.438,0.559,0.352,0.802
Mexico,2009,0.687,0.496,0.404,0.561,0.348,0.805
Mexico,2010,0.669,0.489,0.434,0.577,0.371,0.817
Mexico,2011,0.669,0.489,0.436,0.577,0.372,0.801
Mexico,2012,0.653,0.453,0.408,0.557,0.364,0.804
Mexico,2013,0.641,0.458,0.4,0.521,0.368,0.762
Mexico,2014,0.6,0.429,0.361,0.497,0.373,0.741
Mexico,2015,0.645,0.465,0.431,0.473,0.368,0.807
Mexico,2016,0.666,0.487,0.428,0.494,0.385,0.803
Mexico,2017,0.665,0.491,0.429,0.501,0.346,0.777
Mexico,2018,0.719,0.527,0.451,0.547,0.405,0.878
Nicaragua,1945,0.144,0.043,0.03,0.026,0.026,0.279
Nicaragua,1946,0.144,0.043,0.03,0.026,0.026,0.279
Nicaragua,1947,0.129,0.039,0.029,0.025,0.024,0.279
Nicaragua,1948,0.14,0.037,0.029,0.026,0.025,0.279
Nicaragua,1949,0.133,0.036,0.029,0.025,0.025,0.26
Nicaragua,1950,0.137,0.033,0.029,0.018,0.024,0.26
Nicaragua,1951,0.139,0.033,0.029,0.018,0.026,0.26
Nicaragua,1952,0.139,0.033,0.029,0.018,0.027,0.26
Nicaragua,1953,0.139,0.033,0.029,0.018,0.027,0.26
Nicaragua,1954,0.139,0.033,0.029,0.018,0.027,0.26
Nicaragua,1955,0.139,0.035,0.029,0.037,0.026,0.25
Nicaragua,1956,0.171,0.04,0.033,0.042,0.031,0.25
Nicaragua,1957,0.175,0.038,0.034,0.029,0.031,0.263
Nicaragua,1958,0.176,0.038,0.034,0.029,0.032,0.263
Nicaragua,1959,0.176,0.038,0.034,0.029,0.031,0.236
Nicaragua,1960,0.169,0.04,0.033,0.034,0.031,0.262
Nicaragua,1961,0.177,0.04,0.035,0.035,0.033,0.276
Nicaragua,1962,0.18,0.041,0.041,0.036,0.032,0.275
Nicaragua,1963,0.184,0.042,0.035,0.037,0.033,0.275
Nicaragua,1964,0.185,0.042,0.035,0.037,0.033,0.275
Nicaragua,1965,0.185,0.042,0.035,0.037,0.033,0.275
Nicaragua,1966,0.183,0.042,0.034,0.036,0.033,0.288
Nicaragua,1967,0.177,0.04,0.033,0.035,0.033,0.288
Nicaragua,1968,0.177,0.04,0.034,0.022,0.032,0.288
Nicaragua,1969,0.177,0.04,0.034,0.022,0.032,0.288
Nicaragua,1970,0.175,0.041,0.033,0.022,0.032,0.275
Nicaragua,1971,0.175,0.041,0.033,0.022,0.032,0.275
Nicaragua,1972,0.156,0.03,0.028,0.019,0.03,0.275
Nicaragua,1973,0.173,0.041,0.041,0.021,0.032,0.275
Nicaragua,1974,0.174,0.041,0.042,0.022,0.032,0.275
Nicaragua,1975,0.177,0.042,0.042,0.022,0.033,0.275
Nicaragua,1976,0.178,0.042,0.043,0.022,0.033,0.281
Nicaragua,1977,0.177,0.043,0.038,0.022,0.043,0.241
Nicaragua,1978,0.172,0.042,0.04,0.022,0.036,0.243
Nicaragua,1979,0.144,0.035,0.04,0.104,0.055,0.266
Nicaragua,1980,0.178,0.084,0.087,0.204,0.15,0.501
Nicaragua,1981,0.191,0.086,0.09,0.208,0.146,0.55
Nicaragua,1982,0.181,0.073,0.07,0.218,0.159,0.448
Nicaragua,1983,0.183,0.074,0.076,0.203,0.159,0.448
Nicaragua,1984,0.189,0.087,0.104,0.205,0.161,0.51
Nicaragua,1985,0.385,0.158,0.132,0.309,0.219,0.436
Nicaragua,1986,0.386,0.159,0.132,0.34,0.227,0.436
Nicaragua,1987,0.392,0.164,0.137,0.344,0.236,0.436
Nicaragua,1988,0.394,0.186,0.153,0.336,0.225,0.522
Nicaragua,1989,0.403,0.186,0.171,0.347,0.219,0.522
Nicaragua,1990,0.547,0.363,0.175,0.47,0.315,0.842
Nicaragua,1991,0.687,0.488,0.442,0.595,0.395,0.889
Nicaragua,1992,0.682,0.5,0.437,0.591,0.409,0.897
Nicaragua,1993,0.693,0.505,0.416,0.596,0.41,0.906
Nicaragua,1994,0.682,0.506,0.422,0.593,0.405,0.894
Nicaragua,1995,0.69,0.496,0.43,0.596,0.406,0.903
Nicaragua,1996,0.693,0.458,0.449,0.565,0.421,0.894
Nicaragua,1997,0.689,0.462,0.418,0.555,0.417,0.875
Nicaragua,1998,0.689,0.462,0.418,0.546,0.405,0.875
Nicaragua,1999,0.622,0.397,0.364,0.484,0.362,0.877
Nicaragua,2000,0.606,0.39,0.37,0.472,0.359,0.87
Nicaragua,2001,0.61,0.405,0.383,0.468,0.364,0.87
Nicaragua,2002,0.642,0.444,0.395,0.524,0.39,0.914
Nicaragua,2003,0.643,0.444,0.392,0.517,0.395,0.899
Nicaragua,2004,0.643,0.439,0.393,0.517,0.368,0.899
Nicaragua,2005,0.643,0.439,0.397,0.515,0.368,0.899
Nicaragua,2006,0.627,0.386,0.366,0.529,0.377,0.854
Nicaragua,2007,0.494,0.274,0.289,0.354,0.294,0.726
Nicaragua,2008,0.471,0.261,0.296,0.334,0.292,0.66
Nicaragua,2009,0.491,0.26,0.3,0.342,0.3,0.676
Nicaragua,2010,0.476,0.237,0.278,0.31,0.287,0.641
Nicaragua,2011,0.461,0.214,0.244,0.331,0.263,0.618
Nicaragua,2012,0.401,0.194,0.239,0.28,0.249,0.627
Nicaragua,2013,0.377,0.158,0.206,0.203,0.241,0.62
Nicaragua,2014,0.343,0.144,0.213,0.197,0.222,0.597
Nicaragua,2015,0.336,0.141,0.203,0.187,0.222,0.579
Nicaragua,2016,0.339,0.14,0.203,0.189,0.212,0.588
Nicaragua,2017,0.299,0.112,0.205,0.148,0.182,0.555
Nicaragua,2018,0.229,0.058,0.148,0.041,0.135,0.29
Panama,1945,0.347,0.105,0.105,0.158,0.153,0.568
Panama,1946,0.216,0.118,0.15,0.119,0.109,0.568
Panama,1947,0.238,0.149,0.147,0.147,0.126,0.568
Panama,1948,0.316,0.177,0.181,0.164,0.155,0.568
Panama,1949,0.34,0.188,0.181,0.177,0.164,0.548
Panama,1950,0.35,0.197,0.186,0.152,0.151,0.585
Panama,1951,0.271,0.173,0.186,0.119,0.126,0.574
Panama,1952,0.265,0.165,0.14,0.135,0.123,0.589
Panama,1953,0.355,0.191,0.193,0.18,0.15,0.589
Panama,1954,0.355,0.191,0.193,0.18,0.15,0.589
Panama,1955,0.355,0.191,0.193,0.18,0.15,0.589
Panama,1956,0.382,0.205,0.207,0.189,0.16,0.589
Panama,1957,0.402,0.211,0.207,0.207,0.167,0.589
Panama,1958,0.402,0.223,0.207,0.207,0.167,0.589
Panama,1959,0.402,0.223,0.207,0.207,0.167,0.589
Panama,1960,0.397,0.219,0.205,0.183,0.184,0.594
Panama,1961,0.389,0.214,0.205,0.18,0.179,0.594
Panama,1962,0.389,0.214,0.205,0.18,0.179,0.594
Panama,1963,0.389,0.214,0.205,0.18,0.172,0.594
Panama,1964,0.365,0.205,0.178,0.217,0.165,0.594
Panama,1965,0.331,0.19,0.178,0.173,0.157,0.594
Panama,1966,0.333,0.193,0.178,0.175,0.157,0.595
Panama,1967,0.324,0.185,0.174,0.168,0.153,0.591
Panama,1968,0.185,0.099,0.116,0.156,0.167,0.184
Panama,1969,0.096,0.073,0.103,0.09,0.141,0.185
Panama,1970,0.097,0.073,0.103,0.084,0.161,0.178
Panama,1971,0.097,0.073,0.103,0.084,0.161,0.178
Panama,1972,0.104,0.069,0.108,0.085,0.159,0.178
Panama,1973,0.115,0.073,0.108,0.123,0.162,0.178
Panama,1974,0.115,0.073,0.108,0.123,0.162,0.178
Panama,1975,0.115,0.073,0.108,0.135,0.162,0.178
Panama,1976,0.109,0.073,0.107,0.108,0.162,0.178
Panama,1977,0.109,0.073,0.118,0.148,0.162,0.178
Panama,1978,0.11,0.073,0.118,0.148,0.161,0.178
Panama,1979,0.126,0.076,0.122,0.123,0.164,0.178
Panama,1980,0.128,0.076,0.126,0.127,0.163,0.168
Panama,1981,0.142,0.077,0.126,0.13,0.168,0.168
Panama,1982,0.135,0.071,0.121,0.036,0.138,0.134
Panama,1983,0.135,0.071,0.122,0.036,0.138,0.134
Panama,1984,0.127,0.074,0.12,0.049,0.136,0.153
Panama,1985,0.133,0.074,0.12,0.054,0.14,0.153
Panama,1986,0.134,0.069,0.12,0.038,0.138,0.149
Panama,1987,0.134,0.069,0.12,0.043,0.138,0.149
Panama,1988,0.134,0.069,0.124,0.05,0.138,0.149
Panama,1989,0.149,0.073,0.124,0.051,0.152,0.149
Panama,1990,0.304,0.285,0.22,0.308,0.272,0.833
Panama,1991,0.691,0.516,0.44,0.567,0.513,0.833
Panama,1992,0.708,0.527,0.449,0.549,0.524,0.833
Panama,1993,0.715,0.547,0.454,0.599,0.531,0.868
Panama,1994,0.742,0.573,0.455,0.621,0.542,0.896
Panama,1995,0.749,0.587,0.48,0.613,0.555,0.894
Panama,1996,0.749,0.587,0.48,0.613,0.555,0.894
Panama,1997,0.749,0.587,0.477,0.613,0.57,0.894
Panama,1998,0.745,0.583,0.477,0.592,0.554,0.894
Panama,1999,0.758,0.594,0.489,0.611,0.571,0.894
Panama,2000,0.78,0.611,0.488,0.699,0.574,0.912
Panama,2001,0.788,0.62,0.492,0.707,0.582,0.912
Panama,2002,0.772,0.601,0.48,0.695,0.574,0.903
Panama,2003,0.772,0.601,0.477,0.695,0.574,0.903
Panama,2004,0.763,0.601,0.48,0.681,0.566,0.903
Panama,2005,0.776,0.599,0.477,0.676,0.528,0.903
Panama,2006,0.776,0.607,0.487,0.696,0.528,0.903
Panama,2007,0.776,0.607,0.487,0.702,0.528,0.903
Panama,2008,0.776,0.607,0.487,0.702,0.528,0.903
Panama,2009,0.791,0.625,0.528,0.699,0.548,0.887
Panama,2010,0.796,0.627,0.496,0.722,0.555,0.878
Panama,2011,0.796,0.627,0.495,0.722,0.555,0.878
Panama,2012,0.796,0.627,0.493,0.722,0.543,0.878
Panama,2013,0.775,0.602,0.497,0.643,0.557,0.858
Panama,2014,0.755,0.593,0.485,0.628,0.545,0.858
Panama,2015,0.776,0.611,0.504,0.658,0.55,0.874
Panama,2016,0.773,0.612,0.502,0.653,0.555,0.869
Panama,2017,0.756,0.577,0.474,0.654,0.534,0.85
Panama,2018,0.788,0.608,0.512,0.692,0.521,0.846
Peru,1945,0.274,0.191,0.089,0.109,0.058,0.755
Peru,1946,0.313,0.258,0.114,0.12,0.066,0.692
Peru,1947,0.318,0.262,0.116,0.121,0.067,0.768
Peru,1948,0.243,0.114,0.1,0.073,0.054,0.703
Peru,1949,0.091,0.034,0.058,0.039,0.027,0.394
Peru,1950,0.13,0.042,0.082,0.045,0.034,0.408
Peru,1951,0.183,0.054,0.085,0.053,0.042,0.408
Peru,1952,0.183,0.054,0.085,0.053,0.042,0.408
Peru,1953,0.183,0.058,0.085,0.053,0.042,0.408
Peru,1954,0.183,0.058,0.081,0.053,0.042,0.408
Peru,1955,0.183,0.058,0.074,0.053,0.042,0.408
Peru,1956,0.23,0.097,0.074,0.075,0.051,0.641
Peru,1957,0.361,0.26,0.136,0.194,0.083,0.759
Peru,1958,0.361,0.268,0.136,0.198,0.083,0.759
Peru,1959,0.361,0.263,0.136,0.198,0.083,0.759
Peru,1960,0.388,0.276,0.143,0.203,0.1,0.759
Peru,1961,0.397,0.267,0.146,0.207,0.106,0.759
Peru,1962,0.316,0.145,0.085,0.084,0.086,0.748
Peru,1963,0.302,0.23,0.193,0.139,0.105,0.749
Peru,1964,0.467,0.363,0.224,0.252,0.168,0.762
Peru,1965,0.467,0.36,0.224,0.252,0.168,0.762
Peru,1966,0.467,0.36,0.224,0.252,0.169,0.762
Peru,1967,0.462,0.361,0.218,0.249,0.166,0.753
Peru,1968,0.277,0.107,0.129,0.104,0.149,0.486
Peru,1969,0.098,0.039,0.11,0.085,0.117,0.299
Peru,1970,0.105,0.039,0.112,0.06,0.125,0.308
Peru,1971,0.105,0.039,0.117,0.06,0.127,0.308
Peru,1972,0.105,0.039,0.117,0.06,0.127,0.308
Peru,1973,0.098,0.039,0.108,0.058,0.131,0.269
Peru,1974,0.092,0.043,0.107,0.057,0.129,0.235
Peru,1975,0.092,0.042,0.107,0.058,0.126,0.235
Peru,1976,0.101,0.04,0.098,0.052,0.123,0.302
Peru,1977,0.103,0.038,0.099,0.051,0.124,0.287
Peru,1978,0.157,0.053,0.123,0.083,0.137,0.287
Peru,1979,0.165,0.054,0.123,0.084,0.138,0.476
Peru,1980,0.43,0.094,0.358,0.317,0.235,0.816
Peru,1981,0.71,0.497,0.364,0.558,0.349,0.866
Peru,1982,0.691,0.479,0.374,0.518,0.344,0.866
Peru,1983,0.691,0.465,0.361,0.518,0.344,0.866
Peru,1984,0.691,0.465,0.361,0.518,0.344,0.866
Peru,1985,0.628,0.426,0.325,0.477,0.322,0.85
Peru,1986,0.677,0.425,0.343,0.482,0.347,0.868
Peru,1987,0.677,0.436,0.343,0.487,0.347,0.868
Peru,1988,0.677,0.436,0.343,0.487,0.347,0.868
Peru,1989,0.677,0.436,0.343,0.487,0.347,0.868
Peru,1990,0.609,0.383,0.387,0.403,0.3,0.765
Peru,1991,0.627,0.408,0.337,0.421,0.299,0.743
Peru,1992,0.271,0.151,0.189,0.222,0.145,0.72
Peru,1993,0.282,0.106,0.182,0.13,0.157,0.413
Peru,1994,0.278,0.105,0.181,0.131,0.155,0.37
Peru,1995,0.392,0.123,0.228,0.168,0.19,0.37
Peru,1996,0.419,0.131,0.243,0.178,0.203,0.398
Peru,1997,0.419,0.144,0.25,0.178,0.203,0.398
Peru,1998,0.386,0.13,0.228,0.164,0.191,0.345
Peru,1999,0.386,0.13,0.227,0.164,0.191,0.345
Peru,2000,0.383,0.18,0.243,0.169,0.233,0.414
Peru,2001,0.68,0.411,0.281,0.612,0.391,0.91
Peru,2002,0.786,0.67,0.564,0.725,0.466,0.92
Peru,2003,0.786,0.67,0.548,0.725,0.478,0.92
Peru,2004,0.801,0.68,0.557,0.707,0.481,0.919
Peru,2005,0.801,0.631,0.556,0.707,0.485,0.919
Peru,2006,0.798,0.631,0.555,0.702,0.498,0.9
Peru,2007,0.764,0.59,0.522,0.608,0.492,0.886
Peru,2008,0.76,0.59,0.517,0.599,0.499,0.886
Peru,2009,0.745,0.578,0.506,0.585,0.452,0.893
Peru,2010,0.784,0.606,0.584,0.656,0.465,0.878
Peru,2011,0.791,0.639,0.569,0.626,0.485,0.887
Peru,2012,0.759,0.579,0.558,0.613,0.455,0.873
Peru,2013,0.786,0.636,0.566,0.587,0.456,0.891
Peru,2014,0.785,0.633,0.564,0.624,0.466,0.891
Peru,2015,0.78,0.629,0.584,0.605,0.484,0.902
Peru,2016,0.767,0.625,0.54,0.601,0.451,0.896
Peru,2017,0.733,0.588,0.496,0.544,0.448,0.889
Peru,2018,0.753,0.621,0.591,0.55,0.475,0.89
Paraguay,1945,0.145,0.041,0.061,0.036,0.033,0.379
Paraguay,1946,0.148,0.043,0.061,0.06,0.039,0.379
Paraguay,1947,0.135,0.038,0.065,0.043,0.032,0.388
Paraguay,1948,0.161,0.049,0.065,0.048,0.038,0.336
Paraguay,1949,0.164,0.052,0.055,0.049,0.039,0.333
Paraguay,1950,0.168,0.054,0.044,0.049,0.04,0.322
Paraguay,1951,0.164,0.053,0.044,0.049,0.039,0.322
Paraguay,1952,0.164,0.053,0.044,0.049,0.041,0.322
Paraguay,1953,0.166,0.054,0.043,0.043,0.041,0.322
Paraguay,1954,0.144,0.049,0.043,0.027,0.03,0.152
Paraguay,1955,0.12,0.04,0.037,0.021,0.031,0.072
Paraguay,1956,0.12,0.043,0.037,0.021,0.031,0.072
Paraguay,1957,0.12,0.041,0.037,0.021,0.03,0.072
Paraguay,1958,0.124,0.044,0.035,0.022,0.032,0.072
Paraguay,1959,0.104,0.029,0.031,0.02,0.031,0.072
Paraguay,1960,0.088,0.029,0.031,0.018,0.025,0.063
Paraguay,1961,0.12,0.038,0.035,0.022,0.034,0.063
Paraguay,1962,0.152,0.044,0.04,0.026,0.039,0.063
Paraguay,1963,0.156,0.045,0.045,0.026,0.039,0.063
Paraguay,1964,0.163,0.046,0.045,0.027,0.045,0.063
Paraguay,1965,0.163,0.047,0.045,0.027,0.045,0.063
Paraguay,1966,0.163,0.048,0.045,0.027,0.041,0.063
Paraguay,1967,0.165,0.049,0.045,0.028,0.038,0.063
Paraguay,1968,0.164,0.042,0.045,0.023,0.045,0.057
Paraguay,1969,0.164,0.043,0.044,0.022,0.045,0.057
Paraguay,1970,0.164,0.043,0.044,0.022,0.046,0.057
Paraguay,1971,0.164,0.043,0.044,0.022,0.047,0.057
Paraguay,1972,0.164,0.043,0.044,0.022,0.047,0.057
Paraguay,1973,0.166,0.044,0.045,0.023,0.046,0.057
Paraguay,1974,0.174,0.045,0.046,0.024,0.048,0.058
Paraguay,1975,0.174,0.045,0.046,0.024,0.045,0.058
Paraguay,1976,0.174,0.045,0.046,0.024,0.05,0.058
Paraguay,1977,0.17,0.044,0.045,0.023,0.047,0.058
Paraguay,1978,0.16,0.043,0.043,0.022,0.043,0.058
Paraguay,1979,0.158,0.043,0.043,0.021,0.044,0.058
Paraguay,1980,0.167,0.05,0.045,0.022,0.049,0.058
Paraguay,1981,0.167,0.05,0.045,0.022,0.044,0.058
Paraguay,1982,0.167,0.05,0.045,0.022,0.048,0.058
Paraguay,1983,0.166,0.05,0.045,0.023,0.049,0.058
Paraguay,1984,0.165,0.05,0.045,0.023,0.044,0.058
Paraguay,1985,0.17,0.051,0.046,0.023,0.044,0.064
Paraguay,1986,0.17,0.051,0.046,0.023,0.05,0.064
Paraguay,1987,0.181,0.055,0.047,0.032,0.049,0.064
Paraguay,1988,0.173,0.053,0.046,0.03,0.052,0.064
Paraguay,1989,0.184,0.081,0.067,0.046,0.051,0.084
Paraguay,1990,0.424,0.237,0.173,0.233,0.143,0.655
Paraguay,1991,0.429,0.24,0.302,0.235,0.136,0.655
Paraguay,1992,0.494,0.313,0.302,0.254,0.155,0.671
Paraguay,1993,0.507,0.371,0.317,0.281,0.193,0.701
Paraguay,1994,0.546,0.394,0.314,0.27,0.205,0.715
Paraguay,1995,0.546,0.394,0.314,0.27,0.21,0.715
Paraguay,1996,0.53,0.377,0.303,0.256,0.208,0.715
Paraguay,1997,0.554,0.383,0.307,0.264,0.2,0.715
Paraguay,1998,0.549,0.389,0.311,0.269,0.201,0.715
Paraguay,1999,0.547,0.385,0.311,0.289,0.189,0.715
Paraguay,2000,0.564,0.404,0.333,0.284,0.238,0.725
Paraguay,2001,0.564,0.404,0.333,0.284,0.223,0.725
Paraguay,2002,0.564,0.404,0.332,0.284,0.23,0.725
Paraguay,2003,0.571,0.404,0.334,0.297,0.227,0.725
Paraguay,2004,0.605,0.421,0.345,0.346,0.248,0.754
Paraguay,2005,0.605,0.436,0.345,0.346,0.258,0.754
Paraguay,2006,0.605,0.436,0.345,0.346,0.283,0.754
Paraguay,2007,0.605,0.452,0.345,0.346,0.283,0.754
Paraguay,2008,0.648,0.512,0.416,0.454,0.31,0.809
Paraguay,2009,0.63,0.499,0.395,0.48,0.315,0.813
Paraguay,2010,0.622,0.503,0.393,0.465,0.313,0.82
Paraguay,2011,0.682,0.546,0.453,0.465,0.349,0.806
Paraguay,2012,0.598,0.468,0.379,0.419,0.311,0.803
Paraguay,2013,0.605,0.412,0.378,0.357,0.232,0.755
Paraguay,2014,0.595,0.423,0.38,0.338,0.24,0.773
Paraguay,2015,0.62,0.433,0.374,0.332,0.225,0.749
Paraguay,2016,0.62,0.436,0.384,0.375,0.271,0.756
Paraguay,2017,0.607,0.426,0.387,0.376,0.272,0.762
Paraguay,2018,0.617,0.428,0.372,0.358,0.268,0.784
El Salvador,1945,0.178,0.062,0.1,0.04,0.054,0.225
El Salvador,1946,0.192,0.071,0.1,0.051,0.058,0.225
El Salvador,1947,0.192,0.071,0.1,0.051,0.058,0.225
El Salvador,1948,0.189,0.071,0.1,0.051,0.057,0.225
El Salvador,1949,0.126,0.065,0.085,0.04,0.046,0.225
El Salvador,1950,0.141,0.064,0.104,0.056,0.053,0.205
El Salvador,1951,0.186,0.073,0.104,0.064,0.062,0.205
El Salvador,1952,0.182,0.072,0.102,0.064,0.061,0.205
El Salvador,1953,0.181,0.072,0.102,0.063,0.061,0.205
El Salvador,1954,0.189,0.074,0.103,0.065,0.062,0.205
El Salvador,1955,0.182,0.072,0.103,0.065,0.061,0.173
El Salvador,1956,0.18,0.071,0.103,0.064,0.06,0.178
El Salvador,1957,0.186,0.071,0.102,0.065,0.061,0.178
El Salvador,1958,0.181,0.072,0.102,0.064,0.061,0.178
El Salvador,1959,0.18,0.072,0.102,0.064,0.061,0.178
El Salvador,1960,0.171,0.061,0.097,0.054,0.058,0.153
El Salvador,1961,0.114,0.056,0.094,0.044,0.048,0.173
El Salvador,1962,0.165,0.062,0.108,0.054,0.055,0.179
El Salvador,1963,0.193,0.072,0.107,0.058,0.061,0.19
El Salvador,1964,0.204,0.075,0.124,0.061,0.064,0.19
El Salvador,1965,0.198,0.073,0.125,0.059,0.063,0.19
El Salvador,1966,0.197,0.071,0.123,0.076,0.062,0.191
El Salvador,1967,0.197,0.07,0.124,0.081,0.062,0.178
El Salvador,1968,0.202,0.069,0.126,0.082,0.066,0.178
El Salvador,1969,0.199,0.071,0.127,0.064,0.067,0.188
El Salvador,1970,0.192,0.067,0.128,0.061,0.073,0.173
El Salvador,1971,0.192,0.067,0.128,0.061,0.072,0.173
El Salvador,1972,0.194,0.06,0.118,0.064,0.068,0.171
El Salvador,1973,0.169,0.049,0.114,0.047,0.073,0.134
El Salvador,1974,0.177,0.05,0.113,0.049,0.075,0.134
El Salvador,1975,0.179,0.05,0.113,0.049,0.075,0.134
El Salvador,1976,0.173,0.049,0.113,0.047,0.074,0.134
El Salvador,1977,0.175,0.049,0.112,0.039,0.074,0.123
El Salvador,1978,0.18,0.051,0.114,0.044,0.075,0.123
El Salvador,1979,0.155,0.043,0.096,0.05,0.071,0.135
El Salvador,1980,0.105,0.038,0.102,0.039,0.073,0.146
El Salvador,1981,0.108,0.038,0.11,0.04,0.074,0.163
El Salvador,1982,0.129,0.042,0.115,0.043,0.078,0.153
El Salvador,1983,0.141,0.047,0.116,0.046,0.081,0.185
El Salvador,1984,0.162,0.045,0.124,0.041,0.083,0.196
El Salvador,1985,0.19,0.075,0.137,0.093,0.095,0.209
El Salvador,1986,0.213,0.087,0.14,0.116,0.099,0.209
El Salvador,1987,0.213,0.085,0.14,0.116,0.099,0.209
El Salvador,1988,0.215,0.085,0.152,0.116,0.099,0.209
El Salvador,1989,0.209,0.086,0.15,0.116,0.098,0.226
El Salvador,1990,0.213,0.094,0.15,0.117,0.087,0.305
El Salvador,1991,0.249,0.095,0.157,0.091,0.093,0.305
El Salvador,1992,0.302,0.159,0.186,0.184,0.121,0.44
El Salvador,1993,0.403,0.234,0.247,0.264,0.163,0.692
El Salvador,1994,0.491,0.276,0.247,0.308,0.217,0.716
El Salvador,1995,0.513,0.303,0.303,0.334,0.236,0.749
El Salvador,1996,0.51,0.297,0.298,0.342,0.241,0.749
El Salvador,1997,0.499,0.288,0.3,0.327,0.237,0.725
El Salvador,1998,0.5,0.286,0.3,0.333,0.239,0.725
El Salvador,1999,0.547,0.311,0.306,0.358,0.214,0.743
El Salvador,2000,0.553,0.331,0.328,0.36,0.212,0.792
El Salvador,2001,0.559,0.347,0.33,0.355,0.212,0.792
El Salvador,2002,0.562,0.356,0.327,0.325,0.22,0.792
El Salvador,2003,0.549,0.351,0.324,0.311,0.213,0.786
El Salvador,2004,0.553,0.352,0.325,0.321,0.221,0.779
El Salvador,2005,0.568,0.365,0.349,0.33,0.22,0.795
El Salvador,2006,0.578,0.365,0.36,0.363,0.229,0.814
El Salvador,2007,0.577,0.366,0.36,0.379,0.253,0.814
El Salvador,2008,0.573,0.376,0.358,0.38,0.25,0.812
El Salvador,2009,0.617,0.404,0.367,0.472,0.264,0.842
El Salvador,2010,0.596,0.442,0.37,0.441,0.278,0.869
El Salvador,2011,0.596,0.432,0.377,0.441,0.283,0.869
El Salvador,2012,0.606,0.447,0.378,0.467,0.281,0.845
El Salvador,2013,0.664,0.45,0.417,0.465,0.309,0.85
El Salvador,2014,0.673,0.464,0.427,0.528,0.291,0.855
El Salvador,2015,0.667,0.441,0.418,0.482,0.279,0.855
El Salvador,2016,0.688,0.512,0.401,0.495,0.272,0.84
El Salvador,2017,0.696,0.506,0.406,0.456,0.3,0.867
El Salvador,2018,0.672,0.455,0.391,0.442,0.299,0.826
Uruguay,1945,0.759,0.642,0.57,0.644,0.62,0.865
Uruguay,1946,0.763,0.659,0.611,0.648,0.621,0.862
Uruguay,1947,0.798,0.679,0.612,0.673,0.64,0.862
Uruguay,1948,0.796,0.671,0.606,0.671,0.643,0.859
Uruguay,1949,0.789,0.677,0.596,0.665,0.637,0.856
Uruguay,1950,0.788,0.671,0.599,0.664,0.636,0.856
Uruguay,1951,0.787,0.675,0.608,0.661,0.633,0.856
Uruguay,1952,0.787,0.675,0.608,0.703,0.633,0.856
Uruguay,1953,0.787,0.691,0.608,0.701,0.633,0.856
Uruguay,1954,0.789,0.694,0.624,0.703,0.635,0.856
Uruguay,1955,0.813,0.714,0.621,0.723,0.673,0.856
Uruguay,1956,0.818,0.719,0.619,0.727,0.685,0.871
Uruguay,1957,0.818,0.717,0.614,0.727,0.685,0.871
Uruguay,1958,0.818,0.716,0.609,0.725,0.684,0.871
Uruguay,1959,0.814,0.711,0.623,0.719,0.651,0.872
Uruguay,1960,0.814,0.697,0.623,0.719,0.66,0.872
Uruguay,1961,0.814,0.697,0.623,0.719,0.66,0.872
Uruguay,1962,0.814,0.702,0.617,0.719,0.661,0.872
Uruguay,1963,0.803,0.69,0.605,0.712,0.655,0.85
Uruguay,1964,0.78,0.67,0.575,0.689,0.638,0.855
Uruguay,1965,0.787,0.669,0.579,0.7,0.646,0.844
Uruguay,1966,0.789,0.661,0.623,0.698,0.641,0.851
Uruguay,1967,0.798,0.68,0.622,0.644,0.657,0.835
Uruguay,1968,0.645,0.503,0.493,0.393,0.536,0.654
Uruguay,1969,0.611,0.481,0.476,0.373,0.504,0.629
Uruguay,1970,0.619,0.44,0.47,0.371,0.513,0.593
Uruguay,1971,0.607,0.449,0.386,0.369,0.502,0.559
Uruguay,1972,0.498,0.335,0.388,0.303,0.426,0.521
Uruguay,1973,0.165,0.074,0.108,0.044,0.22,0.171
Uruguay,1974,0.107,0.056,0.104,0.033,0.21,0.128
Uruguay,1975,0.107,0.05,0.104,0.033,0.21,0.128
Uruguay,1976,0.091,0.05,0.086,0.031,0.207,0.091
Uruguay,1977,0.091,0.048,0.084,0.031,0.207,0.091
Uruguay,1978,0.089,0.048,0.082,0.03,0.206,0.081
Uruguay,1979,0.091,0.048,0.081,0.031,0.206,0.086
Uruguay,1980,0.109,0.057,0.104,0.044,0.205,0.142
Uruguay,1981,0.108,0.049,0.103,0.025,0.215,0.137
Uruguay,1982,0.126,0.051,0.106,0.028,0.22,0.138
Uruguay,1983,0.126,0.063,0.106,0.028,0.218,0.138
Uruguay,1984,0.143,0.074,0.168,0.041,0.226,0.17
Uruguay,1985,0.553,0.449,0.174,0.437,0.464,0.772
Uruguay,1986,0.835,0.737,0.61,0.768,0.691,0.909
Uruguay,1987,0.835,0.759,0.607,0.768,0.691,0.909
Uruguay,1988,0.835,0.758,0.603,0.768,0.704,0.909
Uruguay,1989,0.839,0.761,0.729,0.77,0.706,0.909
Uruguay,1990,0.87,0.812,0.725,0.798,0.724,0.928
Uruguay,1991,0.877,0.818,0.722,0.805,0.731,0.933
Uruguay,1992,0.877,0.818,0.724,0.805,0.731,0.933
Uruguay,1993,0.877,0.818,0.724,0.805,0.731,0.933
Uruguay,1994,0.875,0.814,0.736,0.803,0.729,0.933
Uruguay,1995,0.892,0.833,0.77,0.807,0.741,0.937
Uruguay,1996,0.892,0.835,0.774,0.807,0.741,0.937
Uruguay,1997,0.892,0.83,0.77,0.807,0.741,0.937
Uruguay,1998,0.899,0.832,0.78,0.82,0.743,0.953
Uruguay,1999,0.895,0.812,0.747,0.82,0.742,0.953
Uruguay,2000,0.913,0.849,0.772,0.852,0.771,0.953
Uruguay,2001,0.913,0.855,0.765,0.852,0.771,0.953
Uruguay,2002,0.913,0.855,0.78,0.862,0.771,0.953
Uruguay,2003,0.913,0.839,0.776,0.873,0.771,0.953
Uruguay,2004,0.912,0.855,0.77,0.868,0.767,0.954
Uruguay,2005,0.903,0.839,0.772,0.86,0.746,0.976
Uruguay,2006,0.903,0.839,0.768,0.862,0.755,0.976
Uruguay,2007,0.903,0.839,0.764,0.864,0.762,0.976
Uruguay,2008,0.903,0.841,0.757,0.864,0.765,0.976
Uruguay,2009,0.908,0.848,0.805,0.879,0.763,0.976
Uruguay,2010,0.929,0.874,0.804,0.878,0.815,0.976
Uruguay,2011,0.929,0.874,0.8,0.871,0.815,0.976
Uruguay,2012,0.929,0.874,0.796,0.871,0.815,0.976
Uruguay,2013,0.902,0.832,0.771,0.824,0.775,0.964
Uruguay,2014,0.9,0.827,0.761,0.841,0.775,0.964
Uruguay,2015,0.849,0.77,0.708,0.775,0.732,0.952
Uruguay,2016,0.872,0.786,0.711,0.806,0.762,0.955
Uruguay,2017,0.859,0.765,0.719,0.753,0.744,0.959
Uruguay,2018,0.884,0.783,0.732,0.83,0.741,0.964
Venezuela,1945,0.145,0.132,0.055,0.146,0.087,0.673
Venezuela,1946,0.179,0.162,0.148,0.168,0.165,0.663
Venezuela,1947,0.291,0.195,0.148,0.202,0.201,0.663
Venezuela,1948,0.436,0.125,0.115,0.306,0.257,0.555
Venezuela,1949,0.109,0.076,0.053,0.047,0.097,0.143
Venezuela,1950,0.105,0.061,0.052,0.043,0.099,0.148
Venezuela,1951,0.105,0.058,0.052,0.036,0.101,0.148
Venezuela,1952,0.101,0.053,0.052,0.03,0.101,0.13
Venezuela,1953,0.099,0.055,0.051,0.03,0.099,0.14
Venezuela,1954,0.099,0.055,0.051,0.03,0.099,0.14
Venezuela,1955,0.099,0.055,0.051,0.03,0.099,0.14
Venezuela,1956,0.099,0.055,0.051,0.03,0.099,0.14
Venezuela,1957,0.1,0.056,0.065,0.03,0.098,0.14
Venezuela,1958,0.241,0.166,0.134,0.2,0.204,0.7
Venezuela,1959,0.613,0.487,0.139,0.457,0.378,0.846
Venezuela,1960,0.693,0.56,0.439,0.565,0.449,0.846
Venezuela,1961,0.667,0.536,0.425,0.52,0.444,0.879
Venezuela,1962,0.671,0.534,0.426,0.534,0.448,0.879
Venezuela,1963,0.67,0.534,0.418,0.532,0.443,0.879
Venezuela,1964,0.668,0.522,0.421,0.547,0.441,0.876
Venezuela,1965,0.612,0.489,0.382,0.541,0.427,0.876
Venezuela,1966,0.671,0.526,0.419,0.576,0.447,0.876
Venezuela,1967,0.646,0.513,0.4,0.57,0.434,0.876
Venezuela,1968,0.647,0.52,0.413,0.571,0.436,0.876
Venezuela,1969,0.696,0.568,0.436,0.604,0.509,0.896
Venezuela,1970,0.712,0.585,0.449,0.623,0.519,0.914
Venezuela,1971,0.698,0.578,0.44,0.604,0.496,0.914
Venezuela,1972,0.709,0.586,0.444,0.632,0.514,0.914
Venezuela,1973,0.709,0.573,0.471,0.632,0.514,0.914
Venezuela,1974,0.747,0.604,0.472,0.663,0.53,0.929
Venezuela,1975,0.747,0.592,0.472,0.644,0.535,0.929
Venezuela,1976,0.747,0.591,0.472,0.644,0.532,0.929
Venezuela,1977,0.747,0.591,0.472,0.644,0.532,0.929
Venezuela,1978,0.751,0.594,0.475,0.647,0.535,0.929
Venezuela,1979,0.742,0.588,0.47,0.67,0.554,0.919
Venezuela,1980,0.767,0.632,0.483,0.691,0.555,0.928
Venezuela,1981,0.767,0.629,0.483,0.691,0.555,0.928
Venezuela,1982,0.767,0.634,0.483,0.691,0.555,0.928
Venezuela,1983,0.767,0.633,0.485,0.691,0.554,0.928
Venezuela,1984,0.777,0.637,0.487,0.679,0.521,0.918
Venezuela,1985,0.754,0.603,0.471,0.658,0.513,0.9
Venezuela,1986,0.75,0.612,0.473,0.663,0.5,0.893
Venezuela,1987,0.75,0.612,0.473,0.663,0.5,0.893
Venezuela,1988,0.764,0.599,0.502,0.677,0.518,0.904
Venezuela,1989,0.744,0.603,0.491,0.628,0.547,0.917
Venezuela,1990,0.804,0.654,0.527,0.703,0.577,0.922
Venezuela,1991,0.765,0.645,0.501,0.662,0.552,0.922
Venezuela,1992,0.772,0.656,0.514,0.683,0.554,0.915
Venezuela,1993,0.762,0.644,0.478,0.658,0.551,0.922
Venezuela,1994,0.723,0.587,0.484,0.651,0.536,0.913
Venezuela,1995,0.723,0.588,0.484,0.651,0.536,0.913
Venezuela,1996,0.723,0.588,0.48,0.651,0.536,0.913
Venezuela,1997,0.723,0.589,0.471,0.629,0.529,0.913
Venezuela,1998,0.731,0.571,0.521,0.636,0.515,0.896
Venezuela,1999,0.727,0.473,0.512,0.558,0.528,0.823
Venezuela,2000,0.634,0.374,0.4,0.381,0.445,0.727
Venezuela,2001,0.573,0.326,0.399,0.35,0.407,0.712
Venezuela,2002,0.541,0.283,0.393,0.331,0.402,0.683
Venezuela,2003,0.514,0.247,0.363,0.347,0.394,0.675
Venezuela,2004,0.552,0.259,0.381,0.331,0.431,0.662
Venezuela,2005,0.547,0.205,0.346,0.328,0.428,0.662
Venezuela,2006,0.456,0.188,0.333,0.297,0.344,0.629
Venezuela,2007,0.439,0.17,0.305,0.241,0.326,0.631
Venezuela,2008,0.406,0.164,0.302,0.252,0.321,0.602
Venezuela,2009,0.428,0.179,0.302,0.252,0.324,0.621
Venezuela,2010,0.431,0.177,0.282,0.225,0.331,0.612
Venezuela,2011,0.418,0.175,0.276,0.222,0.328,0.613
Venezuela,2012,0.413,0.164,0.277,0.218,0.33,0.6
Venezuela,2013,0.362,0.126,0.229,0.123,0.252,0.403
Venezuela,2014,0.333,0.107,0.214,0.098,0.24,0.421
Venezuela,2015,0.314,0.126,0.2,0.086,0.231,0.372
Venezuela,2016,0.3,0.142,0.199,0.068,0.213,0.344
Venezuela,2017,0.259,0.125,0.199,0.066,0.19,0.357
Venezuela,2018,0.241,0.093,0.152,0.053,0.16,0.265
